SMILES,LOAEL parental as dose (mmol/kg bw per day)
O=P(OCC)(SC(C)CC)SC(C)CC,0.0009689629134850461
CCSCSP(OCC)(OCC)=S,0.0013057967064131171
O=P(OC)(OC)SCCSCC,0.001519854088965729
CCC(C)C1C(C=CC2(O1)CC3CC(O2)CC=C(C(C(C=CC=C4COC5C4(C(C=C(C5O)C)C(=O)O3)O)C)OC6CC(C(C(O6)C)OC7CC(C(C(O7)C)O)OC)OC)C)C.CC1C=CC=C2COC3C2(C(C=C(C3O)C)C(=O)OC4CC(CC=C(C1OC5CC(C(C(O5)C)OC6CC(C(C(O6)C)O)OC)OC)C)OC7(C4)C=CC(C(O7)C(C)C)C)O,0.00023092992857514307
[O-][N+]2=NC(N3C=CN=C3)=NC1=CC=C(Cl)C=C12,0.0016556255143997062
O=P(OCC)(OCC)O/C(C1=CC=C(Cl)C=C1Cl)=C/Cl,0.001390550132780851
O=P(OC)(OC)O/C(C)=C/C(OC)=O,0.0022306662357614343
CCOP(=S)(OCC)OC1=CC=C(C=C1)[N+](=O)[O-],0.0017166756013909466
CS(C(C=C2Cl)=CC=C2C(C(C(CCC1)=O)C1=O)=O)(=O)=O,0.0015208291852717307
CCS(CCSP(OC)(OC)=O)(=O)=O,0.002096963162461832
ClC1=CC=C2C(N=CC(OC3=CC=C(OC(C)C(OCCO/N=C(C)/C)=O)C=C3)=N2)=C1,0.0013517161857550342
CS(C(C=C2Cl)=CC=C2C(C(C(CCC1)=O)C1=O)=O)(=O)=O,0.0018249950948448638
O=P(OCC)(OC1=CC=C(SC)C(C)=C1)NC(C)C,0.002109722397759175
CC(SC)(C)/C=N/OC(NC)=O,0.004204700434129684
O=P(SC)(OC)N,0.006377136012255878
O=C(C(C(C)=N2)=CN1C2=CC(OP(OCC)(OCC)=S)=N1)OCC,0.0024105132453103384
S=P(OC1=NC(Cl)=C(Cl)C=C1Cl)(OCC)OCC,0.002852364738724816
S=P(OC1=NC(Cl)=C(Cl)C=C1Cl)(OCC)OCC,0.002852364738724816
S=P(OC)(OC)SCC(NC)=O,0.004361908603707692
CC(C(O)=O)OC2=CC=C(C=C2)OC1=C(Cl)C=C(C(F)(F)F)C=N1,0.002764719470135984
CC(C(O)=O)OC2=CC=C(C=C2)OC1=C(Cl)C=C(C(F)(F)F)C=N1,0.002764719470135984
S=P(OC)(OC)OC1=CC(C)=C(SC)C=C1,0.004167743513253389
S=P(OC)(OC)SCC(NC)=O,0.0052342905324412594
S=P(OCC)(OCC)SCSP(OCC)(OCC)=S,0.003251177381376892
CCOP(=S)(OCC)OC1=CC=C(C=C1)[N+](=O)[O-],0.004291689003477366
S=P(OC)(OC)SCN1N=NC(C=CC=C2)=C2C1=O,0.004727024721772052
O=P(SC)(OC)N,0.011337131157722733
CCC(C)C1C(C=CC2(O1)CC3CC(O2)CC=C(C(C(C=CC=C4COC5C4(C(C=C(C5O)C)C(=O)O3)O)C)OC6CC(C(C(O6)C)OC7CC(C(C(O7)C)NC)OC)OC)C)C.C1=CC=C(C=C1)C(=O)O,0.001785289098731171
OC(C2(CC2)C(NC1=C(Cl)C=C(Cl)C=C1)=O)=O,0.00729660548049497
S=P(OC)(OC)SCN1C(SC(OC)=N1)=O,0.006879869612263268
O[Sn](C2CCCCC2)(C3CCCCC3)C1CCCCC1,0.005452237423433889
OC(C1=CC=C(Cl)C=C1)(C2=CC=C(Cl)C=C2)C(Cl)(Cl)Cl,0.005938151689011985
FC(F)(F)C(C(F)(F)F)OC(/C=C\C1C(C)(C)C1C(OC(C#N)C2=CC=C(OC3=CC=CC=C3)C=C2)=O)=O,0.004617324801058867
OC(C2=C(Cl)C=CC=C2)(C3=CN=CN=C3)C1=CC=C(Cl)C=C1,0.007548400798826121
S=P(OC)(OC)OC1=CC=C([N+]([O-])=O)C=C1,0.009498211030948741
CS(C1=CC(C(F)(F)F)=CC=C1C(C2=C(O)N(C)N=C2C)=O)(=O)=O,0.006899897365406669
ClC(C=C(C=C1Cl)C(F)(F)F)=C1N2N=C(C(S(C(F)(F)F)=O)=C2N)C#N,0.005787516458140929
S=P(OC)(OC)OC1=CC(C)=C([N+]([O-])=O)C=C1,0.009739063960845933
S=C(SSC(N(C)C)=S)N(C)C,0.012061578663315224
CN(CN1C)CSC1=S,0.018178871761826712
O=C(NC)OC1=C(OC(C)(C)C2)C2=CC=C1,0.013559174951322563
S=P(OC)(OC)OC1=NC(N(CC)CC)=NC(C)=C1,0.009825320217011194
CCC1=NN(C(=C1Cl)C(=O)NCC2=CC=C(C=C2)OC3=CC=C(C=C3)C)C,0.007815119693247174
O=C(OC(C#N)C3=CC(OC4=CC=CC=C4)=C(F)C=C3)C(C(C)2C)C2/C=C(Cl)/C1=CC=C(Cl)C=C1,0.007053518266854452
FC(C(F)(OCC(C2=CC=C(C=C2Cl)Cl)CN1C=NC=N1)F)F,0.009673634159087943
ClC1=NC(NCC)=NC(NC(C)(C)C)=N1,0.01697794093351608
ClC1=CC=C(C2=NN(C(N(C(OC)=O)C4=CC=C(OC(F)(F)F)C=C4)=O)COC(C(OC)=O)2C3)C3=C1,0.007578133062127108
CC1=C(C2=NOCC2)C(S(C)(=O)=O)=CC=C1C(C3=C(O)N(C)N=C3)=O,0.011007509653310777
O=C(OC(C)1C=C)N(C2=CC(Cl)=CC(Cl)=C2)C1=O,0.013980599681046597
COC(/C(C)=C/OP(OC)(OC)=S)=O,0.01706812239422872
S=P(OC)(OC)SCN1C(C(C=CC=C2)=C2C1=O)=O,0.013235806265053022
CNC(ON=C(SC)C(N(C)C)=O)=O,0.019246430996349703
CC(OC1=CC=C(OC2=CC=C(Cl)C=C2Cl)C=C1)C(OC)=O,0.012603098294944081
BrC1=CC=C(NC(N(C)OC)=O)C=C1,0.017483608673044146
N#CC(C2=CC(OC3=CC=CC=C3)=CC=C2)OC(C(C(C)C)C1=CC=C(Cl)C=C1)=O,0.011193138637328053
CCS(=O)C1=C(N(N=C1C#N)C2=C(C=C(C=C2Cl)C(F)(F)F)Cl)N,0.012008973600893544
CCOC(CCN(C(C)C)SN(C)C(OC1=CC=CC2=C1OC(C)(C)C2)=O)=O,0.011692271581094328
CNC(ON=C(SC)C(N(C)C)=O)=O,0.022347753176858155
CC1=C(C3=CC=CC=C3)C=CC=C1COC(C2C(C(C)2C)/C=C(C(F)(F)F)\Cl)=O,0.011824026606519262
ClC1=C([N+]([O-])=O)C(NC2=NC=C(C(F)(F)F)C=C2Cl)=C([N+]([O-])=O)C=C1C(F)(F)F,0.010750568576070851
C[N+](C=C2)=CC=C2C1=CC=[N+](C)C=C1,0.026845210943224743
O=C(SCC1=CC=CC=C1)N(CCC)CCC,0.019889601573092455
FC(F)(F)C1=CC=C(N[C@@H]([C@H](C)C)C(OC(C#N)C2=CC(OC3=CC=CC=C3)=CC=C2)=O)C(Cl)=C1,0.009942083585124885
O=P(OC)(OC)SCCSC(C)C(NC)=O,0.01740119548997207
O=C1OC3(CCCCC3)C(OC(C(C)(C)CC)=O)=C1C2=C(Cl)C=C(Cl)C=C2,0.012642259606732209
CC(C)(C)C1=CC=C(CSC2=C(Cl)C(N(C(C)(C)C)N=C2)=O)C=C1,0.014605436520897422
N#CC(C2=CC(OC3=CC=CC=C3)=CC=C2)OC(C(C(C)C)C1=CC=C(Cl)C=C1)=O,0.013336505924534642
COC(C(NNC(OC(C)C)=O)=C2)=CC=C2C1=CC=CC=C1,0.019310656821122592
NC1=NNC=N1,0.07017129997882289
O=C(NC)OC1=C(OC(C)(C)C2)C2=CC=C1,0.027118349902645125
O[Sn](C2CCCCC2)(C3CCCCC3)C1CCCCC1,0.015577821917247702
O=S3OCC1C(CO3)C2(Cl)C(Cl)=C(Cl)C(Cl)1C(Cl)2Cl,0.01474472675735886
O=C(NC1=CC(Cl)=C(Cl)C=C1)N(C)OC,0.025090939601491648
S=P(OCC)(OCC)OC1=NC(C(C)C)=NC(C)=C1,0.0210615890407846
OC(C2=C(Cl)C=CC=C2)(C3=CN=CN=C3)C1=CC=C(Cl)C=C1,0.019625842076947914
C[N+](C=C2)=CC=C2C1=CC=[N+](C)C=C1,0.03489877422619216
CC(C(C1C(OC(C2=CC=CC(OC3=CC=CC=C3)=C2)C#N)=O)/C=C(C(F)(F)F)\Cl)1C,0.014893850765134126
CC(C(OCCCC)=O)OC1=CC=C(OC2=CC=C(C(F)(F)F)C=N2)C=C1,0.01752914119437168
O=C2C1=CC(F)=CC=C1N=C(N4N=CN=C4)N2C3=C(Cl)C=C(Cl)C=C3,0.018076836737444906
ClC1=NC(NCC)=NC(NC(C)(C)C)=N1,0.030908557964397912
O=C1N(P(OCC)(SC(C)CC)=O)CCS1,0.025445752543294026
ClC1=NC(NCC)=NC(NC(C)(C)C)=N1,0.03177922282621789
FC(F)(F)C(S2)=NN=C2OCC(N(C(C)C)C1=CC=C(F)C=C1)=O,0.020367129884095975
CP(CCC(N)C(O)=O)(O)=O,0.04140744684774493
[N+]12=CC=CC=C1C3=[N+](C=CC=C3)CC2,0.0428795337798853
CC(CC2=CC=C(C(C)(C)C)C=C2)CN1CC(OC(C1)C)C,0.026360696307248677
O=C(OC(C)(C)C)C1=CC=C(CO/N=C/C2=C(OC3=CC=CC=C3)N(C)N=C2C)C=C1,0.018980334665056883
CC(C(CN2C=NC=N2)(C3=CC=C(C=C3)Cl)O)C1CC1,0.02844648794436107
O=C(NC1=CC(Cl)=C(Cl)C=C1)N(C)OC,0.0333207685564956
CC(C(O)=O)OC(C=C3)=CC=C3OC2=NC1=CC=C(Cl)C=C1O2,0.02627926671969166
CC(C(C(C)3C)C(OC(C1=CC=CC(OC2=CC=CC=C2)=C1)C#N)=O)3C,0.025756753449373043
IC1=CC=C(N=C(OCCC)N(CCC)C2=O)C2=C1,0.024180453891299993
IC1=CC=C(N=C(OCCC)N(CCC)C2=O)C2=C1,0.024180453891299993
CC(C)(C)C1CCC2(OC(CN(CCC)CC)CO2)CC1,0.030893247120383834
FC(F)(F)C1=CC=C(N[C@@H]([C@H](C)C)C(OC(C#N)C2=CC(OC3=CC=CC=C3)=CC=C2)=O)C(Cl)=C1,0.018392854632481036
CC(C)(C(C(N3C=NC=N3)OC1=CC=C(C2=CC=CC=C2)C=C1)O)C,0.029637048112072614
BrC1=CC(C#N)=CC(Br)=C1O,0.03611244867608513
O=C(C(SCCO2)=C2C)NC1=CC=CC=C1,0.042498554624157234
[S]C(NC(C)CNC(S[Zn])=S)=S,0.03451007870299529
C1CC1(C(CC2=CC=CC=C2Cl)(CN3C=NC=N3)O)Cl,0.03203132407243692
O=C(C(C(C)=N2)=CN1C2=CC(OP(OCC)(OCC)=S)=N1)OCC,0.026783481212968155
S=C(NC(OC)=O)NC(C=CC=C1)=C1NC(NC(OC)=O)=S,0.029206122678098644
S=C1S[Mn+2]SC(NCCN1)=S,0.03844676647145295
O=C1C(C(C)(C)C)=NN=C(SC)N1N,0.052732781583878535
O=P(SCCC)(OCC)SCCC,0.04827947149932808
S=C(S)NC,0.11194259583685486
CCOP(OC2=NN(C=N2)C1=CC=CC=C1)(OCC)=S,0.038300418910831836
CCCOC/C(N2C=CN=C2)=N\C1=CC=C(C=C1C(F)(F)F)Cl,0.03470742838172768
O=C(OC1=CC(C)=C(SC)C(C)=C1)NC,0.05547978250149906
CC=C(C)C(=O)OC1CC(C2(COC3C2C14COC(C4C(C3O)(C)C56C7CC(C5(O6)C)C8(C=COC8O7)O)(C(=O)OC)O)C(=O)OC)OC(=O)C,0.018037661694108843
CC1(C)C(C(OCC2=COC(CC3=CC=CC=C3)=C2)=O)C1/C=C(C)\C,0.03841153073968435
O=C(NN(C(C)(C)C)C(C2=CC(C)=CC(C)=C2)=O)C1=CC=C(C=C1)CC,0.03688257993760148
CC1=CC(C)=CC(C)=C1C2=C(OC(CC(C)(C)C)=O)C3(CCCC3)OC2=O,0.03562927044280732
OC(C2=CC=C(F)C=C2)(C3=C(F)C=CC=C3)CN1C=NC=N1,0.04480721992342745
O=C(CCC1)C(C(C2=CC=C(S(=O)(C)=O)C(COCC(F)(F)F)=C2Cl)=O)C1=O,0.030624845528846277
BrC(C3)COC(CN2C=NC=N2)3C1=C(Cl)C=C(Cl)C=C1,0.03659857367068652
C(CNC(=S)[S-])NC(=S)[S-].[Zn+2],0.051497069922813506
FC1=C(NC(NC(C3=C(F)C=CC=C3F)=O)=O)C=CC(OC2=C(Cl)C=C(C(F)(F)F)C=C2)=C1,0.02925729117411247
O=C(NN(C(C)(C)C)C(C2=CC(C)=CC(C)=C2)=O)C1=CC=C(C=C1)CC,0.0408545490024519
O=C1C(C(C)(C)C)=NN=C(SC)N1N,0.06906594374567242
CCCCN(SN(C(OC2=C1OC(C)(C)CC1=CC=C2)=O)C)CCCC,0.039417184862497616
NC#N,0.356803214463946
CC(C1=CC=CC=C1)(C)C[Sn](CC(C)(C2=CC=CC=C2)C)(CC(C)(C3=CC=CC=C3)C)O[Sn](CC(C)(C4=CC=CC=C4)C)(CC(C)(C6=CC=CC=C6)C)CC(C)(C5=CC=CC=C5)C,0.014249578440471417
O=C(NC2=CC=C(C(C(F)(F)F)(F)C(F)(F)F)C=C2C)C1=CC=CC(I)=C1C(NC(C)(C)CS(C)(=O)=O)=O,0.021981562539443163
CS/C(C)=N/OC(N(SN(C(O/N=C(SC)\C)=O)C)C)=O,0.042316779347786715
ClC1=CC=C(OC(N2N=CN=C2)C(O)C(C)(C)C)C=C1,0.05071600518006515
NC#N,0.36655583202970365
O=P(SCCC)(OCC)SCCC,0.06478527399040031
CN(/C=N/C(C=CC(C)=C2)=C2C)/C=N/C(C=CC(C)=C1)=C1C,0.05453194177815438
ClC1=CC=C(C(C(C)C)C(OC(C#N)C2=CC(OC3=CC=CC=C3)=CC=C2)=O)C=C1,0.03977136837635158
CN1N=C(C(Cl)=C1C(NCC2=CC=C(C=C2)C(C)(C)C)=O)CC,0.050321145482633126
CC(C(=O)OCC1CCCO1)OC2=CC=C(C=C2)OC3=CN=C4C=C(C=CC4=N3)Cl,0.03940628948301675
CC1=CC=C(C)C=C1OCC2=CC=CC=C2/C(C(NC)=O)=N/OC,0.05208499609576996
ClC1=CC=C(CN(C)/C(C)=N/C#N)C=N1,0.07679383147710687
CN1C=C(C(=N1)C(F)F)C(=O)NC2=CC=CC3=C2C4CCC3C4=C(Cl)Cl,0.0439440117131131
CCC(NC1=C([N+]([O-])=O)C=C(C(C)(C)C)C=C1[N+]([O-])=O)C,0.06094789415544909
CC1(C)C(/C=C(Br)/Br)C1C(OC(C#N)C2=CC(OC3=CC=CC=C3)=CC=C2)=O,0.03562951292318063
C[Si](C2=CC=C(C=C2)F)(C3=CC=C(F)C=C3)CN1C=NC=N1,0.057071705937654676
CCCCCCCCSC(OC1=C(C2=CC=CC=C2)N=NC(Cl)=C1)=O,0.047503917225796576
O=C(C(CCCC4)=C4C3=O)N3C(C(F)=C2)=CC1=C2OCC(N1CC#C)=O,0.05333983463671705
C[Si](C2=CC=C(C=C2)F)(C3=CC=C(F)C=C3)CN1C=NC=N1,0.06214474767495324
O=C1C(C2=CC=CC=C2)=NN=C(C)N1N,0.09791674325467602
ClC1=CC(Cl)=C(OCC(O)=O)C=C1,0.09048240877201617
FC(F)(F)C(C=C3S(C)(=O)=O)=CC=C3C(C1=C(C2CC2)ON=C1)=O,0.05566064749641608
O=C(OC(C)C)NC1=CC=CC=C1,0.11159735317861624
O=C(N(CC)CC)SCC1=CC=C(Cl)C=C1,0.07758567650481493
O=C(NC(NC2=CC(Cl)=C(OC(F)(F)C(F)C(F)(F)F)C=C2Cl)=O)C1=C(F)C=CC=C1F,0.040888172545216005
N#C/N=C1SCCN/1CC2=CC=C(Cl)N=C2,0.08269915328937391
FC(F)(F)C1=CC(OC2=CC=CC(C(NC3=CC=C(F)C=C3)=O)=N2)=CC=C1,0.05580588629327444
CC(C)(C)C1CCC2(OC(CN(CCC)CC)CO2)CC1,0.07059393026664336
O=C(NC)OC1=C(C=CC=C2)C2=CC=C1,0.10456153095730501
ClC(Cl)(Cl)C1=NSC(OCC)=N1,0.08605017265406416
ClC(C=C2)=CC=C2C1=C(C#N)C(Br)=C(C(F)(F)F)N1COCC,0.05397278324272652
CC1(C(C1C(=O)OC(C#N)C2=CC(=CC=C2)OC3=CC=CC=C3)C=C(Cl)Cl)C,0.0528468654458272
N#CC(C(Cl)=CC=C1)=C1Cl,0.13371205237419703
FC1=CC=C(C2(CN4C=NC=N4)C(C3=CC=CC=C3Cl)O2)C=C1,0.06974853711541036
CNC(OC1=CC=CC(/N=C/N(C)C)=C1)=O,0.1053080179948381
FC(F)(F)/C(Cl)=C/C1C(C)(C)C1C(OCC2=C(F)C(F)=C(C)C(F)=C2F)=O,0.0558827740308119
FC(F)(F)C1=CC(NC(N(C)C)=O)=CC=C1,0.10335812708183185
[S]C(NCCNC(S[Mn])=S)=S,0.09046298162444301
FC(F)(F)C1=CC=C(C(S(C)(=O)=NC#N)C)C=N1,0.08872343028677288
NC#N,0.5946720241065766
CC(C)(C1=CC=C(CCOC2=NC=NC3=CC=CC=C23)C=C1)C,0.08159229518081962
O=C(O)COC1=NC(Cl)=C(Cl)C=C1Cl,0.09747707495160458
CN(C)C(S[Zn]SC(N(C)C)=S)=S,0.08174933639158691
FC(F)(F)C1=CC(Cl)=C(OC2=CC=C([N+]([O-])=O)C(OCC)=C2)C=C1,0.07188270622353558
CCOP(OC2=NN(C=N2)C1=CC=CC=C1)(OCC)=S,0.08298424097346899
N=C(N)NCCCCCCCCCCCC.OC(C)=O,0.09114900964147582
ClC1=CC=C(C2=CC(F)=CC=C2NC(C3=CN(C)N=C3C(F)F)=O)C=C1Cl,0.06373600223628945
NC(NCCCCCCCCNC(N)=N)=N,0.11824588276595163
CC(CCCCCC)C1=C(OC(/C=C\C)=O)C([N+]([O-])=O)=CC([N+]([O-])=O)=C1,0.07519354824673423
O=C(C2=C1C=CC=C2)C(SC(C#N)=C(C#N)S3)=C3C1=O,0.09314136801405902
FC(F)(C1=CC=CC(N2CC(C(C2=O)Cl)CCl)=C1)F,0.08971049174774011
CCOP(OCC)(SCN1C(OC2=C1C=CC(Cl)=C2)=O)=S,0.0761265588816095
CC1=C(N2C(S3)=NN=C2)C3=CC=C1,0.1516616929890738
O=C(OC(C#N)C2=CC(OC3=CC=CC=C3)=C(F)C=C2)C1C(/C=C(Cl)/Cl)C(C)1C,0.06677602276574221
OC(C(C(C)C)CC2)(CN3N=CN=C3)C2CC1=CC=C(Cl)C=C1,0.08686388602787204
CC(C)(C2=CC=C(C=C2)OC1CCCCC1OS(OCC#C)=O)C,0.08274547429334937
ClC1=CC=C(OC(N2N=CN=C2)C(O)C(C)(C)C)C=C1,0.09805094334812596
C1(NC2=CC=CC=C2)=CC=CC=C1,0.17728145274350138
O=C(NC3=CC=C(OC(F)(F)F)C=C3)N/N=C(C2=CC=C(C(F)(F)F)C=C2)/CC1=CC=C(C#N)C=C1,0.0592417225391808
C2(C3=CSC=N3)=NC1=CC=CC=C1N2,0.1490700414533971
O=C(SC/C(Cl)=C(Cl)\Cl)N(C(C)C)C(C)C,0.10089799137869722
O=C2C(N)=C(Cl)C(C1=CC=CC=C12)=O,0.14883450834822065
O=C(NC(NCC)=O)/C(C#N)=N\OC,0.15945156926818138
ClC(C(SCC(O)=O)=C3)=CC(F)=C3\N=C2/SC(N1CCCCN12)=O,0.08156926348252874
OC1(CN3C=NC=N3)C(C)(C)CCC1CC2=CC=C(Cl)C=C2,0.10005344104419774
O=C(NC(NCC)=O)/C(C#N)=N\OC,0.16197452748153363
CN/C(NCC1=CN=C(Cl)S1)=N\[N+]([O-])=O,0.1309686802344055
O=P(SC)(OC)NC(C)=O,0.180164578704787
O=C(C2C(/C=C(Cl)/Cl)C(C)2C)OCC1=CC(OC3=CC=CC=C3)=CC=C1,0.08433692140080049
CON(C(OC)=O)C(C=CC=C3)=C3COC2=NN(C=C2)C1=CC=C(Cl)C=C1,0.08509169739164553
CS(NC1=C(Cl)C=C(Cl)C(N2C(N(C(F)F)C(C)=N2)=O)=C1)(=O)=O,0.08522949371278812
CC(C)C1=NN(C(=O)N1N)C(=O)NC(C)(C)C,0.14049475339516085
NC1=C(C(OC2=CC=CC=C2)=CC=C1[N+]([O-])=O)Cl,0.1322429161814926
O=P(OCC)(SCCC)OC1=C(Cl)C=C(Br)C=C1,0.09367537083938164
CCCC1COC(C2=CC=C(Cl)C=C2Cl)(CN3N=CN=C3)O1,0.10227327782173581
CCNC1=NC(NC(C)C)=NC(Cl)=N1,0.16737505949289297
O=C1C(C2=CC=CC=C2)=NN=C(C)N1N,0.18000857278863383
CCOC(C(OC3=CC=C(C=C3)OC2=NC1=CC=C(Cl)C=C1N=C2)C)=O,0.10139422762398476
O=C1C(/C(CCC)=N\OCC)=C(O)CC(C2CSCCC2)C1,0.11675560268658329
CC(OC(C(C1=CC=C(Br)C=C1)(C2=CC=C(Br)C=C2)O)=O)C,0.09343280875327138
ClC1=C(C2=NN=C(C3=C(Cl)C=CC=C3)N=N2)C=CC=C1,0.13194956940237268
O=S(C(C)=C(C)S(CC1)(=O)=O)1=O,0.19023052134576682
O=C(OCC)NCCOC1=CC=C(OC2=CC=CC=C2)C=C1,0.1327417211809261
O=C(O)COC(C=CC(Cl)=C1)=C1C,0.19938294964743114
O=[N+]([O-])C1=CC(C(F)(F)F)=CC([N+]([O-])=O)=C1N(CCC)CCC,0.1213914223478607
CC(C(O)=O)OC(C=CC(Cl)=C1)=C1Cl,0.17867472869731404
CC(CC2=CC=C(C(C)(C)C)C=C2)CN1CCCCC1,0.15358952993339262
O=C(CC)NC1=CC(Cl)=C(Cl)C=C1,0.1971754750759653
CC(C(OCC#C)=O)OC1=CC=C(OC2=C(F)C=C(Cl)C=N2)C=C1,0.1258074479267247
CC1=CC=CC(=C1S(=O)(=O)NC(=O)NC2=NC(=NC(=N2)OCC(F)(F)F)N(C)C)C(=O)O,0.09197266931797396
O=S(C1=C(C)C=CC=C1C(OC)=O)(NC(NC2=NC(OCC(F)(F)F)=NC(N(C)C)=N2)=O)=O,0.08935287943817022
O=C(C(O3)(C)C(C=C2)=CC=C2OC1=CC=CC=C1)N(NC4=CC=CC=C4)C3=O,0.11939443348154136
O=C(C(C(Cl)=C(Cl)C(C(OC)=O)=C1Cl)=C1Cl)OC,0.13555676960867832
CC1=CC(C)=CC(C)=C1C2=C(OC(CC(C)(C)C)=O)C3(CCCC3)OC2=O,0.12551220450985595
O=[N+]([O-])C1=CC(C(F)(F)F)=CC([N+]([O-])=O)=C1N(CCC)CCC,0.14018173816705817
CCN(CCCC)C1=C([N+]([O-])=O)C=C(C(F)(F)F)C=C1[N+]([O-])=O,0.14912950868835975
N#CC1=CC(F)=C(OC2=CC=C(OC(C)C(OCCCC)=O)C=C2)C=C1,0.13990886336640312
CC2(C)C=C(C)C1=CC(OCC)=CC=C1N2,0.2300894827201878
CN1C=C(C(=N1)C(F)F)C(=O)NC2=CC=CC=C2C3=CC(=C(C(=C3)F)F)F,0.13113054990382886
ClC2=CC=C(C=N2)CN1CCN/C1=N\[N+]([O-])=O,0.1955714794200132
CCC1=C(C2=C(OC(C(C)(C)C)=O)N(CCOCC3)N3C2=O)C(CC)=CC(C)=C1,0.12484046013397178
CC(C)NC1=NC(=NC(=N1)Cl)NC(C)C,0.21766590408142725
O=C(NS(N(C(C)C)C)(=O)=O)C1=CC(N2C(C=C(C(F)(F)F)N(C)C2=O)=O)=C(F)C=C1Cl,0.09982983206485889
CCC1=C(C(NC(C2=CC=CS2)C#N)=O)SC(NCC)=N1,0.16415285538008534
CCN(CCCC)C1=C([N+]([O-])=O)C=C(C(F)(F)F)C=C1[N+]([O-])=O,0.15807727920966133
CC1CCC2(CC3CC(O2)CC=C(CC(C=CC=C4COC5C4(C(C=C(C5O)C)C(=O)O3)O)C)C)OC1C,0.1008177268001866
O=C(C2=CN(C)N=C2C(F)(F)F)NC1=C(C(C)CC(C)C)SC=C1,0.15024635811870524
CO\N=C(C(OC)=O)/C1=C(CO/N=C(C)/C2=CC=CC(C(F)(F)F)=C2)C=CC=C1,0.1354160549058005
O=C2C(CCCCCCCCCCCC)=C(OC(C)=O)C(C1=CC=CC=C12)=O,0.1456404810629924
FC(F)(F)C1=CC([N+]([O-])=O)=C(N(CC(C)=C)CC)C([N+]([O-])=O)=C1,0.17043587275803834
O=C(CC3=CC=CC=C3)N/C(C2=C(F)C(F)=CC=C2C(F)(F)F)=N\OCC1CC1,0.13823101166669738
CCCN(C(N2C=CN=C2)=O)CCOC1=C(Cl)C=C(Cl)C=C1Cl,0.15132792644846843
O=C(NCC#N)C1=CN=CC=C1C(F)(F)F,0.25179062960503346
C12=NC=NC1=C(NCC3=CC=CC=C3)NC=N2,0.25749254470292554
O=C/1CC(C(O)=O)CC(C1=C(C2CC2)\O)=O,0.2631461810932769
ClC(C=C2)=CC=C2CCC(C#N)(CN3C=NC=N3)C1=CC=CC=C1,0.17635633314541457
O=C(N(COCC)C1=C(CC)C=CC=C1C)CCl,0.22612097620503016
O=[N+]([O-])C1=CC(C(F)(F)F)=CC([N+]([O-])=O)=C1N(CCC)CCC,0.187008406170739
O=C1N(NC3=CC=CC=C3)C(SC)=NC(C)1C2=CC=CC=C2,0.20488027136251127
O=C(NCC)C(OC(NC1=CC=CC=C1)=O)C,0.2751124321022517
NC1=NC(N)=NC(NC2CC2)=N1,0.3911331910812005
CC1OC(C)OC(C)OC(C)O1,0.3688775408285012
CN(C(NC1=CC(Cl)=C(C)C=C1)=O)C,0.3079801850721111
O=C(N1C(C)C)N(C2=CC=CC=C2)CS/C1=N\C(C)(C)C,0.2160829066896387
CC(COC2=CC=C(OC3=CC=CC=C3)C=C2)OC1=CC=CC=N1,0.20754907664069638
O=C(N2CCOCC2)/C=C(C3=CC=C(Cl)C=C3)/C1=CC=C(OC)C(OC)=C1,0.17274422088076452
FC(F)(F)C1=CC=C(OCCCOC2=C(Cl)C=C(OC/C=C(Cl)\Cl)C=C2Cl)N=C1,0.139885516117087
S=C1S[Mn+2]SC(NCCN1)=S,0.2638503630712921
CN(C)S(N(SC(F)(Cl)Cl)C1=CC=C(C)C=C1)(=O)=O,0.20157991425481578
CC1C(CC(C(O1)OC2C(C(C(C(C2O)O)O)O)O)N)N=C(C(=O)O)N,0.1853106471947918
CC(NC(N1CC(N(C2=CC(Cl)=CC(Cl)=C2)C1=O)=O)=O)C,0.21504293801717447
CC(C)(C(CCC1=CC=C(Cl)C=C1)(CN2C=NC=N2)O)C,0.2348787718646229
CC(C)C(C2=CN=CN=C2)(O)C1=CC=C(OC(F)(F)F)C=C1,0.23696150537929836
CN(C)C(C(C=CC=C2)=C2NS(NC(NC1=NC(OC)=CC(OC)=N1)=O)(=O)=O)=O,0.17552887202555134
C/C=C/C(OC1=C([N+]([O-])=O)C=C([N+]([O-])=O)C=C1C(C)CCCCCC)=O,0.20582175901532235
C[C@H]([C@@H](N(C)C)CC5)O[C@H]5O[C@@H]2[C@@H](C)C(C1=C[C@]3([H])[C@](CC[C@@]4([H])[C@]([H])3C[C@H](O[C@@H]6O[C@@H](C)[C@H](OC)[C@@H](OCC)[C@H]6OC)C4)([H])[C@@]([H])1CC(O[C@@H](CC)CCC2)=O)=O,0.10026765313638021
COC1=NC(NC(NS(C2=C(C3=NN(C)N=N3)C=NN2C)(=O)=O)=O)=NC(OC)=C1,0.1804921669793888
FC(F)(F)C1=CC=CC(OCC2=C(/C(C(OC)=O)=C\OC)C=CC=C2)=N1,0.2123493969753551
O=C(N(C2=C(C)C=CC=C2C)CN1N=CC=C1)CCl,0.2844291187154576
BrC1=C(C)C(C(C2=C(C)C=C(OC)C(OC)=C2OC)=O)=C(OC)C=C1,0.193026117850899
ClC(C=C(Cl)C=C2)=C2C(OCC=C)CN1C=NC=C1,0.26919733699226356
CCCCC(C#N)(C2=CC=C(C=C2)Cl)CN1C=NC=N1,0.2770320229626303
O=C(O)C1=CC=CC=C1S(=O)(NC(N(C2=NC(OC)=NC(C)=N2)C)=O)=O,0.20977344991842434
CN(C)C1=NC(C)=C(C)C(OC(N(C)C)=O)=N1,0.3432846559560087
S=C(NC(OC)=O)NC(C=CC=C1)=C1NC(NC(OC)=O)=S,0.23978226273068923
O=C(NCCC2=NC=C(C(F)(F)F)C=C2Cl)C1=CC=CC=C1C(F)(F)F,0.20770591325081755
O=S(C1=C(C(F)(F)F)C=CC=N1)(NC(NC2=NC(OC)=CC(OC)=N2)=O)=O,0.21481613126262367
O=C(N(COCC)C1=C(CC)C=CC=C1C)CCl,0.3299142111843883
O=C(OCCC)NCCCN(C)C.[H]Cl,0.40092868824194544
O=C1C(/C(CC)=N/OCC)=C(O)CC(C2=C(C)C=C(C)C=C2C)C1,0.27623195810696477
CN(C)S(N(SC(F)(Cl)Cl)C1=CC=C(C)C=C1)(=O)=O,0.2649336015920436
[O-][N+](C1=CC(Cl)=C(N)C(Cl)=C1)=O,0.45600746116052593
FC1=CC=C2C(SC(C(C)NC(C(C(C)C)NC(OC(C)C)=O)=O)=N2)=C1,0.261360894285891
ClC2=C(C=CC=C2)NC1=NC(Cl)=NC(Cl)=N1,0.36294768689809664
ClC(Cl)(Cl)SN(C1=O)C(C2C1CC=CC2)=O,0.3326798171006209
ClC1=CC=CC=C1CN2C(C(C)(C)CO2)=O,0.41719152837532353
CCOC1=NC(=CC2=NC(=NN21)S(=O)(=O)NC3=C(C=CC=C3Cl)C(=O)OC)F,0.23266060759503804
CCCCCCCCCC[N+](C)(C)CCCCCCCCCC.[Cl-],0.2761849424963617
CC1=C(Cl)C(NS(C2=NN3C(N=C(OC)C=C3OC)=N2)(=O)=O)=C(Cl)C=C1,0.23908852568260253
O=C(N(CC)CC)C(OC1=CC=CC2=C1C=CC=C2)C,0.36852210915226874
O=S(NC1=NN2C(C(OC)=CN=C2OC)=N1)(C3=C(OCC(F)F)C=CC=C3C(F)(F)F)=O,0.2068809086739124
ClC1=C(CC(C3(CC3)Cl)(O)CN2N=CNC2=S)C=CC=C1,0.290478633263173
CC1=C(C(=O)CC1OC(=O)C2C(C2(C)C)C=C(C)C)CC=CC=C.CC1=C(C(=O)CC1OC(=O)C2C(C2(C)C)C=C(C)C(=O)OC)CC=CC=C,0.14267371744959773
FC(C=C3)=CC=C3OC1=CC=NC2=C1C(Cl)=CC(Cl)=C2,0.32453358357901607
CCC1CCCC(C(C(=O)C2=CC3C4CC(CC4C(=CC3C2CC(=O)O1)C)OC5C(C(C(C(O5)C)OC)OC)OC)C)OC6CCC(C(O6)C)N(C)C,0.13405147748321247
O=C(N(C)C)NC1=CC(Cl)=C(Cl)C=C1,0.43330065702965964
ClC(N=CC=C3)=C3C(NC1=CC=CC=C1C2=CC=C(Cl)C=C2)=O,0.29486604674548295
O=C(C2=C(Cl)C=CC=C2Cl)NCC1=NC=C(C(F)(F)F)C=C1Cl,0.26956544285229384
O=C(C2=CN(C)N=C2C(F)F)NC1=C(C3CC3C4CC4)C=CC=C1,0.3132546930840699
CSC(C1=C2C(N=NS2)=CC=C1)=O,0.4993436246944731
N#C/N=C1SCCN/1CC2=CC=C(Cl)N=C2,0.4233880173910387
O=C(NCC#N)C1=CN=CC=C1C(F)(F)F,0.4760893750863037
O=S(N(C)S(C)(=O)=O)(NC(NC1=NC(OC)=CC(OC)=N1)=O)=O,0.297800580277967
BrC1=NN(C3=C(Cl)C=CC=N3)C(C(NC2=C(C)C=C(C#N)C=C2C(NC)=O)=O)=C1,0.23220935421185337
O=C1N(/N=C/C2=CC=CN=C2)CC(C)=NN1,0.5063821645940905
C/C(C1=NC=CC=C1C(O)=O)=N\NC(NC2=CC(F)=CC(F)=C2)=O,0.33834155162516577
CC(C)(C(C(N2C=NC=N2)CC1=CC=C(C=C1)Cl)O)C,0.3982412034644942
ClC1=NC=C(CN2/C(N(C)COC2)=N/[N+]([O-])=O)S1,0.4031336044228179
O=C(NC2=CC=C(C(C(F)(F)F)(F)C(F)(F)F)C=C2C)C1=CC=CC(I)=C1C(NC(C)(C)CS(C)(=O)=O)=O,0.17292162531028624
O=C(O)C1=CC=CC=C1S(=O)(NC(N(C2=NC(OC)=NC(C)=N2)C)=O)=O,0.3094158386296759
C#CCOC(C(NCCC2=CC=C(OCC#C)C(OC)=C2)=O)C1=CC=C(Cl)C=C1,0.29134835240564394
C1=C(SC(=N1)S(=O)(=O)CCC(=C(F)F)F)Cl,0.41824033879387235
CCC(C)N1C(=O)C(=C(NC1=O)C)Br,0.47871495442710227
O=C(N(COCC)C1=C(CC)C=CC=C1C)CCl,0.47448335990563706
FC(F)(F)C1=CC=CC(OCC2=C(/C(C(OC)=O)=C\OC)C=CC=C2)=N1,0.35391566162559185
C2(C3=CC=CO3)=NC1=CC=CC=C1N2,0.716635643220122
COCCN(C1=C(C)C=CC=C1C)C(CCl)=O,0.5200583779214963
O=C(N(C1=C(C)SC=C1C)C(C)COC)CCl,0.4833303361236371
O=C1C(/C(CC)=N\OC/C=C/Cl)=C(O)CC(CC(C)SCC)C1,0.3714804709856852
O=S(C1=C(CCC(F)(F)F)C=CC=C1)(NC(NC2=NC(C)=NC(OC)=N2)=O)=O,0.32190464540593783
OC1=C(C2=CC=CC=C2)C=CC=C1,0.8225268966295198
ClC1=CC(NC(NC2=CC=CC=C2)=O)=CC=N1,0.5813946446285797
O=C1C(Cl)=C(N)C=NN1C2=CC=CC=C2,0.667740405269699
ClC1=CC=CC(NC(OC(C)C)=O)=C1,0.7020474230226063
O=C(C(C(C)3C)C3/C=C(C)/C)OCC1=CC=CC(OC2=CC=CC=C2)=C1,0.42802021191337764
[O-][N+](C(C(Cl)=C(Cl)C(Cl)=C1Cl)=C1Cl)=O,0.5078983268813316
O=C(OCCC)NCCCN(C)C.[H]Cl,0.6679178642769418
ClC1=NC=C(CN2/C(N(C)COC2)=N/[N+]([O-])=O)S1,0.5333978921991795
FC1=CC=CC(F)=C1C(OC3)=NC3C2=CC=C(C(C)(C)C)C=C2OCC,0.43682747176251235
CC(C2)OC(C)CN2C1CCCCCCCCCCC1,0.5648782172301356
CC1=CC=C(C2=CC=CC=C12)C,1.0241725198126175
FC1=CC=CC(F)=C1C(OC3)=NC3C2=CC=C(C(C)(C)C)C=C2OCC,0.44517449351593613
O=C(OC)/C(C1=CC=CC=C1OC2=CC(OC3=CC=CC=C3C#N)=NC=N2)=C/OC,0.42143102706112745
O=C(C2=CC=CN=C2OC3=CC=CC(C(F)(F)F)=C3)NC1=CC=C(F)C=C1F,0.4453520040903297
CC2COC(O2)(C4=CC=C(C=C4Cl)OC3=CC=C(Cl)C=C3)CN1C=NC=N1,0.4381402786345717
O=C2N(SC(Cl)(Cl)Cl)C(C1=CC=CC=C12)=O,0.6069647996834071
CCCC(C2=CC=C(C=C2Cl)Cl)CN1C=NC=N1,0.6720990568444491
O=C(N(C2=C(C)C=CC=C2C)CN1N=CC=C1)CCl,0.691270769536302
CCCCC1=C(OS(=O)(N(C)C)=O)N=C(NCC)N=C1C,0.6320719768171168
COC1=CC=CC(OC)=C1C(NC2=CC(C(CC)(C)CC)=NO2)=O,0.6016952885092807
C/C(C)=C(N(C(CCl)=O)CCOCC)/C1=CC=CC=C1,0.6761225104239498
C[N+](C)(C)CCCl.[Cl-],1.2968985398946866
O=C(O)CC2=CC=CC1=CC=CC=C12,1.111668437101585
FC(O3)(F)OC(C3=CC=C2)=C2C1=CNC=C1C#N,0.854201330821498
CC1=CC(C3CC3)=NC(NC2=CC=CC=C2)=N1,0.9663143648746366
O=C(OC)NC2=NC1=CC=CC=C1N2,1.150707899808491
ClC1=C(Cl)C=C(Cl)C(Cl)=C1[N+]([O-])=O,0.8432684410159024
O=C(NS(C2=CC=CC=C2Cl)(=O)=O)NC1=NC(C)=NC(OC)=N1,0.6288907725176857
COC1=C(N3/C(SCC3)=C(C#N)/SC2=CC(C(F)(F)F)=CC=C2F)C=CC=C1,0.5323004734402347
O=P(O)(O)CCCl,1.598682298226916
CC1=NC(NC2=CC=CC=C2)=NC(C)=C1,1.1989858551609192
CN(C)S(N(C=N3)N=C3S(N2C(C)=C(Br)C1=CC=C(F)C=C12)(=O)=O)(=O)=O,0.5146836897725189
O=C(C2=CN(C)N=C2C(F)(F)F)NC1=C(C(C)CC(C)C)SC=C1,0.66776159163869
ClC(Cl)(Cl)C(N1CCN(C(NC=O)C(Cl)(Cl)Cl)CC1)NC=O,0.5517726431859205
O=S(NC(N1N=C(OC)N(C)C1=O)=O)(C2=C(C)SC=C2C(OC)=O)=O,0.6275740783319009
CCOC1=CC=C(C(C)(C)COCC2=CC(OC3=CC=CC=C3)=CC=C2)C=C1,0.6534072452026495
O=C(N(C1=C(C)C=CC=C1CC)COC(C)C)CCl,0.8809216611166253
C[N+](C)(C)CCCl.[Cl-],1.6132152569421714
COC(C(N(C2=C(C)C=CC=C2C)C(CC1=CC=CC=C1)=O)C)=O,0.8451097585530639
OC1=C2C(C=CC=N2)=CC=C1,1.8944876471827452
CC(C)OC(NC(C(C)C)C(NC(C1=CC=C(Cl)C=C1)CC(OC)=O)=O)=O,0.6954453540300382
O=S(C1=C(S(CC)(=O)=O)N=C2N1C=CC=C2)(NC(NC3=NC(OC)=CC(OC)=N3)=O)=O,0.6712291856093069
CC1=CC=C(C)C=C1C(C(N3)=O)=C(OC(OCC)=O)C23CCC(OC)CC2,0.8571594451592183
CC1=CC(=C(C(=C1C(=O)C2=C(C(=CN=C2OC)Cl)C)OC)OC)OC,0.9130470320367428
OC1(CN3N=CN=C3)C(C)(C)CC/C1=C\C2=CC=C(Cl)C=C2,1.0622592331077376
COC(C1=C([N+]([O-])=O)C=CC(OC2=C(Cl)C=C(Cl)C=C2)=C1)=O,1.0025400799740543
O=C(OCC)C(Cl)CC1=CC(N2N=C(C)N(C(F)F)C2=O)=C(F)C=C1Cl,0.8321381557009093
O=C(O)C1=C(OC)C(Cl)=CC=C1Cl,1.5834421535102832
O=C([O-])C(CC([O-])=C1C(CC)=O)CC1=O.[Ca+2],1.3985376889923895
O=C(O)CC2=CC=CC1=CC=CC=C12,1.9924105805057393
CCOC1=CC=C(C=C1OCC)NC(OC(C)C)=O,1.3990678766384246
CC1(C(NC2=CC=C(O)C(Cl)=C2Cl)=O)CCCCC1,1.3434976764108413
O=C(OC)C1=CC=CC=C1S(NC(NC2=NC(C)=NC(OC)=N2)=O)(=O)=O,1.0646002583360035
CC1=CC=C(C)C=C1C(C(N3)=O)=C(OC(OCC)=O)C23CCC(OC)CC2,1.1227958076816185
COC(/C(C(C=CC=C2)=C2COC1=C(C)C=CC=C1)=N/OC)=O,1.3946166393530306
CCCCOCCOCCOCC1=C(CCC)C=C(OCO2)C2=C1,1.4182783578109466
ClC1=CC=C(Cl)C(C(O)=O)=N1,2.6041731770996095
CN(NC(CCC(O)=O)=O)C,3.1216621627324983
OC(COC1=C(C(N)=C(C(F)=N1)Cl)Cl)=O,1.9605490478397496
OC1=C(C2=CC=CC=C2)C=CC=C1,2.937596059391142
CN(C)S(N(SC(F)(Cl)Cl)C1=CC=C(C)C=C1)(=O)=O,1.4398565303915414
C[N+]1(C)CCCCC1.[Cl-],3.6749563882902794
CC(C)OC(NC(C(C)C)C(NC(C1=CC=C(Cl)C=C1)CC(OC)=O)=O)=O,1.3961555268905284
O=C(NS(C2=CC=CC=C2Cl)(=O)=O)NC1=NC(C)=NC(OC)=N1,1.618345587945511
COC1=CC(OC)=NC(NC(NS(CC2=CC=CC=C2C(O)=O)(=O)=O)=O)=N1,1.4758745969790135
O=C(OCC)C(CC(OCC)=O)SP(OC)(OC)=S,1.8010762989801186
ClC1=CC=C(CN(C(NC3=CC=CC=C3)=O)C2CCCC2)C=C1,1.9462598724032028
COCCOC1=CC=CC2=C1C(=O)C(=NN2C3=CC=C(C=C3)Cl)C(=O)O,1.710359092693191
OC(CNCP(O)(O)=O)=O,3.9509542264209063
CO\N=C(C4=NOCCO4)/C(C=CC=C3)=C3OC1=C(F)C(OC2=CC=CC=C2Cl)=NC=N1,1.665115827767219
FC(F)(F)OC(C=CC=C2)=C2S(NC(N1C(N(C)C(OC)=N1)=O)=O)(=O)=O,2.018677052423655
[O][N](N=C(NC)NCC1COCC1)=O,4.065059547187973
O=S(C1=C(S(CC)(=O)=O)C=CC=N1)(NC(NC2=NC(OC)=CC(OC)=N2)=O)=O,1.923771905735733
O=C(O)C2=C(N=C(C=CC=C3)C3=C2)C(N1)=NC(C)(C(C)C)C1=O,2.9453786751628908
OC(CNCP(O)(O)=O)=O,5.825883103330228
O=C(O)C1=NC(Cl)=C(Cl)C(N)=C1Cl,4.141486086139101
ClC1=CC=C(C=C(C)C=N2)C2=C1C(O)=O,4.692299737610208
O=C(OC)NS(C1=CC=C(N)C=C1)(=O)=O,4.864468100816101
CC1=CC(=CC(=C1)C(=O)N(C(C)(C)C)NC(=O)C2=C(C3=C(C=C2)OCCC3)C)C,3.2546984004830337
COC1=C(N3/C(SCC3)=C(C#N)/SC2=CC(C(F)(F)F)=CC=C2F)C=CC=C1,3.0155877041592154
CC1=C(OC)C=CC=C1C(NN(C(C)(C)C)C(C2=CC(C)=CC(C)=C2)=O)=O,4.000333053509041
CCOC1=NC(=NC(=N1)NC)NC(=O)NS(=O)(=O)C2=CC=CC=C2C(=O)OC,3.854728677539081
ClC(C=C2)=CC=C2N1C(CC)=C(C(O)=O)C(C=N1)=O,5.748301057687395
O=C(NC2=CC(OC(C)C)=CC=C2)C1=C(C(F)(F)F)C=CC=C1,4.992118237114172
O=C2NC1=C(C(N2C3CCCCC3)=O)CCC1,7.37107385747715
O=S(C1=C(C(N(C)C)=O)C=CC=N1)(NC(NC2=NC(OC)=CC(OC)=N2)=O)=O,8.045710551981065
