SMILES,LOAEL_measured_median,LOAEL_predicted,Confidence
ClC12C3C4(C(C1(Cl)Cl)(C1(C2(C3(Cl)C(C41Cl)(Cl)Cl)Cl)Cl)Cl)Cl,1.9566e-05,0.0018377000000000018,0.25
ClC1=C(Cl)C2(C(C1(Cl)C1C2C2CC1C=C2)(Cl)Cl)Cl,2.7404e-05,0.0014286257712741353,1
N#Cc1nn(c(c1S(=O)C(F)(F)F)N)c1c(Cl)cc(cc1Cl)C(F)(F)F,0.00013611,0.010768275686535727,1
Clc1ccc2c(c1)[n+]([O-])nc(n2)n1cncc1,0.00020191,0.0703800730823712,1
OC(=O)C(Oc1ccc(cc1)Oc1ncc(cc1Cl)C(F)(F)F)C,0.00027647,0.009584462064549125,1
CCOP(=S)(SCSC(C)(C)C)OCC,0.00027736000000000004,0.0023959628464292207,1
ClC1C2OC2C2C1C1(Cl)C(=C(C2(C1(Cl)Cl)Cl)Cl)Cl,0.00028896749999999995,0.0008133919013026461,1
ClC1=C(Cl)C2(C(C1(Cl)C1C2C2CC1C1C2O1)(Cl)Cl)Cl,0.000295345,0.00042831779869634647,1
CCSCCSP(=S)(OCC)OCC,0.00036443,0.001896468610059568,1
CNC(=O)ON=CC(SC)(C)C,0.00052559,0.060919494369489686,1
COC(=O)C(Oc1ccc(cc1)Oc1ccc(cc1Cl)Cl)C,0.00058619,0.09982005414868787,1
CCSCSP(=S)(OCC)OCC,0.00061449,0.0007937147377159493,1
OC1CCCCCc2cc(O)cc(c2C(=O)OC(CCC1)C)O,0.00062036,0.46407564001892226,1
ClC1C=CC2C1C1(Cl)C(=C(C2(C1(Cl)Cl)Cl)Cl)Cl,0.000843785,0.0002385960642707865,1
c1ccc(cc1)[Sn](c1ccccc1)c1ccccc1,0.00085711,0.6397057331757809,1
CCOP(=O)(SC(CC)C)SC(CC)C,0.000872805,0.004304742760365683,1
CCS(=O)CCSP(=O)(OC)OC,0.00089328,0.0013951101578154512,1
ClC1CC2C(C1Cl)C1(C(C2(Cl)C(=C1Cl)Cl)(Cl)Cl)Cl,0.000939545,0.00013454529642362563,1
COP(=S)(Oc1ccc(cc1)N(=O)=O)OC,0.00094982,0.00971358102445769,1
Clc1c(Cl)c(Cl)c(c(c1Cl)Cl)Cl,0.0010183,0.10288014553454179,1
CNC(=O)CSP(=S)(OC)OC,0.0010905,0.009515127939063834,1
COP(=O)(SCCS(=O)(=O)CC)OC,0.0011438,0.0012475492886251487,1
COC1CC(OC2C(C)C=CC=C3COC4C3(O)C(C=C(C4O)C)C(=O)OC3CC(CC=C2C)OC2(C3)C=CC(C(O2)C(CC)C)C)OC(C1OC1CC(OC)C(C(O1)C)O)C.COC1CC(OC(C1OC1CC(OC)C(C(O1)C)O)C)OC1C(C)C=CC=C2COC3C2(O)C(C=C(C3O)C)C(=O)OC2CC(CC=C1C)OC1(C2)C=CC(C(O1)C(C)C)C,0.0011546,0.004561050541923855,1
ClC12C(Cl)(Cl)C3(C4(C1(Cl)C1(C2(Cl)C3(C4(C1(Cl)Cl)Cl)Cl)Cl)Cl)Cl,0.0012831,0.0018376999999999998,0.21428571428571427
CCOP(=O)(N1CCSC1=O)SC(CC)C,0.0013411,0.013458067032651793,1
O=C1CCCC(=O)C1C(=O)c1ccc(cc1[N+](=O)[O-])S(=O)(=O)C,0.0014146,0.012657810238506893,1
CCOP(=S)(Oc1ccccc1C(=O)OC(C)C)NC(C)C,0.0014476,0.1865959227891729,1
CCSCCSP(=O)(OC)OC,0.0015199,0.000892447632027103,1
CCOc1cc(nc(n1)CC)OP(=S)(OC)OC,0.0015396,0.008735989693461706,1
COC(=O)C=C(OP(=O)(OC)OC)C,0.0015615,0.0019374612836842897,1
COC(=O)/C=C(/OP(=O)(OC)OC)\C,0.0015615,0.0023812687906506857,1
OC(=O)c1ccccc1.CCC(C1OC2(C=CC1C)OC1CC=C(C)C(OC3CC(OC)C(C(O3)C)OC3CC(OC)C(C(O3)C)NC)C(C)C=CC=C3C4(C(C(=O)OC(C2)C1)C=C(C)C(C4OC3)O)O)C,0.001735715,0.0015985644724030843,1
C1CCC(CC1)[Sn](n1ncnc1)(C1CCCCC1)C1CCCCC1,0.001811,0.008460298774188546,1
ClC1C2(Cl)C3C4C5C1(Cl)C(C2(Cl)C5C3C1C4O1)(Cl)Cl,0.0018377,0.00020875483295948783,1
CNC(=O)CCSCCSP(=O)(OC)OC,0.0018793,0.0033386848364462857,1
COC1CC(OC2C(C)C=CC=C3COC4C3(O)C(C=C(C4O)C)C(=O)OC3CC(CC=C2C)OC2(C3)C=CC(C(O2)C(C)C)C)OC(C1OC1CC(OC)C(C(O1)C)NC(=O)C)C,0.00194425,0.0020143710247334714,1
N#CC(c1cccc(c1)Oc1ccccc1)OC(=O)[C@H](C(C)C)Nc1ccc(cc1Cl)C(F)(F)F,0.0019884,0.0076981325245616,1
CNC(=O)C=C(OP(=O)(OC)OC)C,0.0020165,0.006177167042632852,1
COP(=O)(SC)N,0.0020549,0.33146588454802073,1
COP(=S)(Oc1ccc(cc1)[N+](=O)[O-])OC,0.0020896,0.012983526722500053,1
CSc1ccc(cc1C)OP(=S)(OC)OC,0.00210185,0.005320692177639907,1
CO[C@H]1C[C@H](O[C@H]2[C@@H](C)C=CC=C3CO[C@H]4[C@]3(O)[C@@H](C=C([C@H]4O)C)C(=O)O[C@H]3C[C@@H](CC=C2C)O[C@]2(C3)C=C[C@@H]([C@H](O2)[C@H](CC)C)C)O[C@H]([C@@H]1O[C@H]1C[C@H](OC)[C@H]([C@@H](O1)C)O)C,0.0022907,0.011582167147627994,1
O=C1CCCC(=O)C1C(=O)c1ccc(c(c1Cl)COCC(F)(F)F)S(=O)(=O)C,0.0023819,0.01161082890621692,1
S=C1NCCN1,0.0024472,0.10060506855819094,1
COC(=O)C(Oc1ccc(cc1)Oc1ncc(cc1Cl)C(F)(F)F)C,0.0026615,0.00019208559973307702,1
CCOP(=S)(OCC)SCSc1ccc(cc1)Cl,0.0029166,0.005596997777393952,1
C1CCN2C(C1)C1CCCCN1CC2,0.0029591,0.14662384480405752,1
Fc1ccc(cc1)N(C(=O)COc1nnc(s1)C(F)(F)F)C(C)C,0.0033028,0.06832973356895798,1
CCOP(=S)(Oc1ccc2c(c1)oc(=O)c(c2C)Cl)OCC,0.0033631,0.03300231995545067,1
CNC(=O)Oc1cccc2c1OC(O2)(C)C,0.0035838,0.12101892517941863,1
O[Sn](C1CCCCC1)(C1CCCCC1)C1CCCCC1,0.0036089,0.2530228410823332,1
CCc1nn(c(c1Cl)C(=O)NCc1ccc(cc1)Oc1ccc(cc1)C)C,0.0039076,0.02662915316523073,1
CCCCSP(=O)(SCCCC)SCCCC,0.0039744,0.10983758967815381,1
CCOP(=S)(Oc1ncn(n1)c1ccccc1)OCC,0.0041492,0.02885177735998658,1
CCOP(=O)(OC(=CCl)c1ccc(cc1Cl)Cl)OCC,0.0041717,0.008743085768806605,1
CCOP(=O)(O/C(=C/Cl)/c1ccc(cc1Cl)Cl)OCC,0.0041717,0.014923975565331742,1
Clc1nc(nc(n1)Cl)Nc1ccccc1Cl,0.0041739,0.09860886699679428,1
Clc1cccc(n1)C(Cl)(Cl)Cl,0.0043308,0.2937201288867553,1
N#CC(c1cccc(c1)Oc1ccccc1)OC(=O)C1C(C1(C)C)C(C(Br)(Br)Br)Br,0.0045112,0.05153306096689031,1
COc1sc(=O)n(n1)CSP(=S)(OC)OC,0.00471335,0.0098233419774848,1
N#CC(c1ccc(c(c1)Oc1ccccc1)F)OC(=O)C1C(C1(C)C)/C=C(/c1ccc(cc1)Cl)\Cl,0.0048983,0.02646060829035957,1
CCOP(=S)(OCC)SCSP(=S)(OCC)OCC,0.0049418,0.00289671937964297,1
CCOP(=O)(Oc1ccc(c(c1)C)SC)NC(C)C,0.0049447,0.009237493358223225,1
N#CC(c1cccc(c1)Oc1ccccc1)OC(=O)C(C(C)C)Nc1ccc(cc1Cl)C(F)(F)F,0.004971,0.006735318057269352,1
CCNc1nc(nc(n1)Cl)NC(C#N)(C)C,0.0051933,0.020162243183459532,1
CC(Cc1ccc(cc1)C(C)(C)C)CN1CC(C)OC(C1)C,0.0056016,0.06867843129491749,1
COP(=S)(Oc1nc(Cl)c(cc1Cl)Cl)OC,0.00620095,0.010805659777341832,1
COC(=O)Nc1nc2c([nH]1)cc(cc2)S(=O)c1ccccc1,0.0063422,0.411498657480619,1
ClCC(N1C(=O)c2c(C1=O)cccc2)SP(=S)(OCC)OCC,0.0063477,0.010270543883879418,1
CCOP(=S)(Oc1ccc(cc1)N(=O)=O)OCC,0.0067295,0.007185721681550899,1
OC(C(Cl)(Cl)Cl)(c1ccc(cc1)Cl)c1ccc(cc1)Cl,0.0067479,0.051697974947930006,1
CNC(=O)Oc1cc(C)c(c(c1)C)N(C)C,0.0067481,0.05001223957485274,1
COC(=O)N(C(=O)N1COC2(C(=N1)c1ccc(cc1C2)Cl)C(=O)OC)c1ccc(cc1)OC(F)(F)F,0.0068203,0.06269233640610042,1
CCNc1nc(Cl)nc(n1)NC(C)(C)C,0.0069218,0.021265565272011896,1
CCOP(=S)(Oc1ccc(cc1)[N+](=O)[O-])OCC,0.0070384,0.004952730534104147,1
Cc1nn(c(c1/C=N/OCc1ccc(cc1)C(=O)OC(C)(C)C)Oc1ccccc1)C,0.0071176,0.004482607950821791,1
Cc1nn(c(c1C=NOCc1ccc(cc1)C(=O)OC(C)(C)C)Oc1ccccc1)C,0.0073074,0.004959281689187692,1
Clc1ccc(cc1)C(c1ccccc1Cl)(c1cncnc1)O,0.0075484,0.026071543860770922,1
COP(=S)(SCn1nnc2c(c1=O)cccc2)OC,0.0076105,0.02623950605450441,1
Fc1ccc(cc1)[Si](c1ccc(cc1)F)Cn1cncn1,0.0076575,0.015906048044563685,1
N#CC(c1cccc(c1)Oc1ccccc1)OC(=O)C1C(C1(C)C)C=C(Br)Br,0.00781875,0.03782533095820241,1
Fc1ccc(cc1)C(c1ccccc1Cl)(c1cncnc1)O,0.007943,0.003607424639634793,1
N#Cc1nn(c(c1S(=O)CC)N)c1c(Cl)cc(cc1Cl)C(F)(F)F,0.0080563,0.0003454609239203949,1
CCN(c1nc(cc(n1)C)OP(=S)(OC)OC)CC,0.0081878,0.016789556747265955,1
Clc1ccc(cc1)OS(=O)(=O)c1ccc(cc1)Cl,0.0082464,0.09857847047965122,1
Clc1cc(cnc1Nc1c(cc(c(c1[N+](=O)[O-])Cl)C(F)(F)F)[N+](=O)[O-])C(F)(F)F,0.008299399999999998,0.06208594993819649,1
[O-][N+](=O)c1cc([N+](=O)[O-])c(c(c1)[N+](=O)[O-])C,0.0088055,0.07578338302194927,1
CCCCOC(=O)C(Oc1ccc(cc1)Oc1ccc(cn1)C(F)(F)F)C,0.00885585,0.004322903998031862,1
CSC(=O)c1c(nc(c(c1CC(C)C)C(=O)SC)C(F)(F)F)C(F)F,0.009043,0.204836351521947,1
Clc1ccc(c(c1)Cl)C(Cn1cncn1)COC(C(F)F)(F)F,0.0091362,0.045190680683123034,1
CCCN(C(=O)SCc1ccccc1)CCC,0.0091492,0.09176053975898289,1
CON(C(=O)Nc1ccc(cc1)Cl)C,0.0093175,0.02920187736950783,1
CCCCOC(=O)C(Oc1ccc(cc1)Oc1ccc(cc1F)C#N)C,0.0096257,0.03358046075314323,1
N#C/N=C\1/SCCN1Cc1ccc(nc1)Cl,0.0098922,0.07580141426377905,1
Cc1c(ccc(c1C1=NOCC1)S(=O)(=O)C)C(=O)c1cnn(c1O)C,0.0099068,0.014734981060753658,1
CC1(C)CNC(=NC1)NN=C(C=Cc1ccc(cc1)C(F)(F)F)C=Cc1ccc(cc1)C(F)(F)F,0.0099095,0.020768175304755707,1
COP(=O)(OC=C(Cl)Cl)OC,0.0100688,0.03379255796926954,1
CCCSP(=O)(SCCC)OCC,0.010069,0.007591185181302402,1
FC(c1ccc(cc1)C=CC(=NN=C1NCC(CN1)(C)C)C=Cc1ccc(cc1)C(F)(F)F)(F)F,0.010112,0.03790632591627435,1
CCOC(=O)Nc1cccc(c1)OC(=O)Nc1ccccc1,0.010656,0.21736189550637955,1
O=C(C1C(C1(C)C)C=C(C(F)(F)F)Cl)OCc1c(F)c(F)c(c(c1F)F)C,0.010986,0.014160325531627889,1
O=C(C1C(C1(C)C)C=C(C(F)(F)F)Cl)OCc1cccc(c1C)c1ccccc1,0.011824,0.037433889489080996,1
O=S1OCC2C(CO1)C1(C(C2(Cl)C(=C1Cl)Cl)(Cl)Cl)Cl,0.012287,0.00013519009625326088,1
Clc1cc(Cl)c(c(c1O)Cc1c(O)c(Cl)cc(c1Cl)Cl)Cl,0.012288,0.12410261134282267,1
CC(Oc1cc(c(cc1Cl)Cl)n1nc(oc1=O)C(C)(C)C)C,0.0124555,0.0639086556427057,1
Clc1ccc(c(c1)Cl)n1c(nc2c(c1=O)cc(cc2)F)n1cncn1,0.01268,0.022113282062292138,1
CCC1CCCC(OC2CCC(C(O2)C)N(C)C)C(C)C(=O)C2=CC3C(C2CC(=O)O1)C=C(C)C1C3CC(C1)OC1OC(C)C(C(C1OC)OC)OC,0.012735,0.039944372672364246,1
CC1C=CC=C2COC3C2(O)C(C=C(C3O)C)C(=O)OC2CC(CC=C(C1)C)OC1(C2)CCC(C(O1)C)C,0.012862,0.004239636609434808,1
COc1ccc(cc1NNC(=O)OC(C)C)c1ccccc1,0.012985,1.7165367738543584,1
N#CC(c1cccc(c1)Oc1ccccc1)OC(=O)C(c1ccc(cc1)OC(F)F)C(C)C,0.01329,0.015620047142159268,1
CCP(=S)(Sc1ccccc1)OCC,0.0133561,0.08166804167712995,1
O=c1c(Cl)c(SCc2ccc(cc2)C(C)(C)C)cnn1C(C)(C)C,0.013701,0.07206503286773763,1
CNP(=O)(Oc1ccc(cc1Cl)C(C)(C)C)OC,0.013712,0.11082661078831918,1
NC1=C(Cl)C(=O)c2c(C1=O)cccc2,0.01392,0.868329775900756,1
CCN(C(=O)SCC)C1CCCCC1,0.01393,0.09304421555376778,1
CNC(=O)Oc1cccc2c1OC(C2)(C)C,0.01394355,0.03386892670757582,1
O=C(C1C(C1(C)C)/C=C(/C(F)(F)F)\Cl)OCc1c(F)c(F)c(c(c1F)F)C,0.01409,0.014160325531627889,1
CC(c1ccccc1)(C[Sn](O[Sn](CC(c1ccccc1)(C)C)(CC(c1ccccc1)(C)C)CC(c1ccccc1)(C)C)(CC(c1ccccc1)(C)C)CC(c1ccccc1)(C)C)C,0.01425,0.15228957837129897,1
CCCN(c1c(cc(cc1[N+](=O)[O-])C(F)(F)F)[N+](=O)[O-])CC1CC1,0.014397,0.12927164240705638,1
CC(c1ccc(cc1)CCOc1ncnc2c1cccc2)(C)C,0.014687,0.07483435604716758,1
CCCCC(c1ccc(cc1Cl)Cl)(Cn1cncn1)O,0.014958,0.06939946763643491,1
N#CC(c1ccc(cc1)Oc1ccccc1)OC(=O)C1C(C1(C)C)/C=C\C(=O)OC(C(F)(F)F)C(F)(F)F,0.01496,0.03345246303884768,1
N#Cc1c(Cl)c(C#N)c(c(c1Cl)Cl)Cl,0.015043,0.02247529563549625,1
N#CC(c1cc(C)c(cc1Cl)NC(=O)c1cc(I)cc(c1O)I)c1ccc(cc1)Cl,0.015081,0.0714173761733492,1
Clc1cc(cnc1CCNC(=O)c1ccccc1C(F)(F)F)C(F)(F)F,0.015124,0.08012154105418477,1
N#CN=S(=O)(C(c1ccc(nc1)C(F)(F)F)C)C,0.015292,0.04300237799322262,1
CC(C1C2CCC1c1c2cccc1NC(=O)c1cn(nc1C(F)F)C)C,0.015303,0.1251424938908345,1
Fc1ccc(cc1)[Si](c1ccc(cc1)F)(Cn1cncn1)C,0.015853,0.012163743291697346,1
CN1CCC(CC1)C1CCN(CC1)C,0.016044,0.08536100236003388,1
CCCCN(c1c(cc(cc1[N+](=O)[O-])C(F)(F)F)[N+](=O)[O-])CC,0.016106,0.08566071706073071,1
CCOP(=S)(Oc1cc(C)nc(n1)C(C)C)OCC,0.016429,0.015095535744907507,1
N#Cc1c(Cl)cccc1Cl,0.0165685,0.10209847219085816,1
Fc1ccc(cc1)C1(Cn2cncn2)OC1c1ccccc1Cl,0.016679,0.02301344450990011,1
CCOP(=S)(Oc1nc(Cl)c(cc1Cl)Cl)OCC,0.017114,0.002758033553865191,1
BrC1COC(C1)(Cn1cncn1)c1ccc(cc1Cl)Cl,0.017185,0.028738293170172482,1
CC(NC(=S)[S])CNC(=S)S[Zn],0.017255,0.2878835027623078,1
CCN(C(=O)SCc1ccc(cc1)Cl)CC,0.0180385,0.022713862273005925,1
COCC(N(c1c(C)csc1C)C(=O)CCl)C,0.018129,0.35716518615393833,1
c1cc[n+]2c(c1)c1cccc[n+]1CC2,0.018481499999999998,0.09447726030618263,1
CCc1nn(c(c1Cl)C(=O)NCc1ccc(cc1)C(C)(C)C)C,0.019469,0.006983350270874694,1
CCCN(C(=O)n1cncc1)CCOc1c(Cl)cc(cc1Cl)Cl,0.019912,0.040413566467213516,1
CCOC(=O)c1cn2nc(cc2nc1C)OP(=S)(OCC)OCC,0.0200875,0.11758320207076739,1
C[n+]1ccc(cc1)c1cc[n+](cc1)C,0.020134,0.03242328770222657,1
COP(=S)(SCN1C(=O)c2c(C1=O)cccc2)OC,0.020484,0.04607532127757082,1
ClC=C,0.020801,0.045958000000000006,0.14285714285714285
Clc1cccc(c1)c1ccccc1,0.021203,0.20305563255454476,1
CNC(=O)ON=C(C(=O)N(C)C)SC,0.022348,0.024014096723382096,1
CSC1=NC(C(=O)N1Nc1ccccc1)(C)c1ccccc1,0.0228,0.13132008923012195,1
CCN(C(=O)C(=C(OP(=O)(OC)OC)C)Cl)CC,0.023024100000000002,0.004686062102400703,1
COC(=O)N(c1ccccc1COc1ccn(n1)c1ccc(cc1)Cl)OC,0.023207,0.1302218719186941,1
CCCCCCCCCCCCC1=C(OC(=O)C)C(=O)c2c(C1=O)cccc2,0.023407,0.3855554402628966,1
OC(COc1cccc2c1c1ccccc1[nH]2)CNC(C)C,0.02346,0.6438307981194181,1
O=C(NC(=O)c1ccccc1Cl)Nc1ccc(cc1)OC(F)(F)F,0.023557,0.1669839577595619,1
CCOC(=O)C(Oc1ccc(cc1)Oc1nc2c(o1)cc(cc2)Cl)C,0.024877,0.04554329496654185,1
CON(C(=O)Nc1ccc(c(c1)Cl)Cl)C,0.025091,0.012937987088412789,1
CN(C(=S)S[Zn]SC(=S)N(C)C)C,0.02534245,0.1008090248545193,1
O=C(NC(=O)c1c(F)cccc1F)Nc1ccc(cc1)Cl,0.025428,0.14085282088899825,1
CCNc1nc(NCC)nc(n1)Cl,0.0255385,0.015573036780268973,1
OC(=O)C(Oc1ccc(cc1C)Cl)C,0.025624,0.025906979856593612,1
Clc1ccccc1CC(C1(Cl)CC1)(Cn1cncn1)O,0.025625,0.04618298292736014,1
O=C(N(C)C)Nc1ccc(c(c1)Cl)Cl,0.025741,0.13386459164425232,1
CCOC(=O)C(Oc1ccc(cc1)Oc1cnc2c(n1)ccc(c2)Cl)C,0.0257509,0.05446490228306457,1
CC(OC(=O)C(c1ccc(cc1)Cl)(c1ccc(cc1)Cl)O)C,0.026532,0.0665911589485201,1
N#CC(c1cccc(c1)Oc1ccccc1)OC(=O)C1C(C1(C)C)/C=C(/C(F)(F)F)\Cl,0.026676,0.007750118114458359,1
O=C(C1C(C1(C)C)C=C(Cl)Cl)OCc1c(F)c(F)cc(c1F)F,0.026943,0.09185188449451615,1
N#Cc1sc2=c(sc1C#N)c(=O)c1c(c2=O)cccc1,0.0269975,0.2028324421743077,1
CCOC(=O)c1ccccc1C1=c2cc(C)c(cc2=[O]c2c1cc(C)c(c2)NCC)NCC,0.027054,0.3078986412939623,1
CSCC(=NOC(=O)NC)C(C)(C)C,0.027483,0.060525207696953694,1
Cc1nn(c(c1C(=O)c1ccc(cc1S(=O)(=O)C)C(F)(F)F)O)C,0.0276,0.026781932035424158,1
CCOc1cc(ccc1N(=O)=O)Oc1ccc(cc1Cl)C(F)(F)F,0.027647,0.17351533161861185,1
[O-][N+](=O)c1cc(C(=O)N)c(c(c1)[N+](=O)[O-])C,0.027758,0.06812382073970605,1
N#CC(c1cccc(c1)Oc1ccccc1)OC(=O)C1C(C1(C)C)C=C(C(F)(F)F)Cl,0.027787,0.0077962240761942185,1
C=CC1(C)OC(=O)N(C1=O)c1cc(Cl)cc(c1)Cl,0.027961,0.12861678755198092,1
OC(=O)C(Oc1ccc(cc1)Oc1nc2c(o1)cc(cc2)Cl)C,0.028167,0.016368734114245876,1
N#CC(c1ccc(c(c1)Oc1ccccc1)F)OC(=O)C1C(C1(C)C)C=C(Cl)Cl,0.028207,0.04048887978139598,1
CSC(=NOC(=O)N(SN(C(=O)ON=C(SC)C)C)C)C,0.028211,0.023794313203711337,1
CS/C(=N/OC(=O)N(SN(C(=O)O/N=C(/SC)\C)C)C)/C,0.028211,0.02821100000000001,1
CC(N1C(=NC(C)(C)C)SCN(C1=O)c1ccccc1)C,0.028484,0.0324802498009358,1
CCO[C@H]1[C@@H](OC)[C@H](O[C@@H]2C[C@@H]3[C@@H](C2)[C@@H]2C=C4[C@H]([C@@H]2CC3)CC(=O)O[C@@H](CC)CCC[C@@H]([C@H](C4=O)C)O[C@H]2CC[C@@H]([C@H](O2)C)N(C)C)O[C@H]([C@@H]1OC)C,0.028877,0.0022907000000000005,0.20238095238095238
N#Cc1cc(Br)c(c(c1)Br)O,0.02889,0.029525068038902712,1
CCOC(=O)C(Cc1cc(c(cc1Cl)F)n1nc(n(c1=O)C(F)F)C)Cl,0.029113,0.17322061752382273,1
C#CCOC(=O)C(Oc1ccc(cc1)Oc1ncc(cc1F)Cl)C,0.029164,0.023744055289170382,1
CC(N1/C(=N/C(C)(C)C)/SCN(C1=O)c1ccccc1)C,0.029466,0.031298297859973165,1
COc1nc(Oc2cccc(c2C(=O)[O-])Oc2nc(OC)cc(n2)OC)nc(c1)OC.[Na+],0.030507,0.8625716733958936,1
CON(C(=O)Nc1ccc(cc1)Br)C,0.0313005,0.0826654870796409,1
COc1nc(C)nc(n1)N(C(=O)NS(=O)(=O)c1ccccc1C(=O)OC)C,0.031614,0.39555401975579213,1
Cc1ccc2c(c1)nc1c(n2)sc(=O)s1,0.032011,0.07754998593281597,1
Fc1ccc(cc1)NC(=O)c1cccc(n1)Oc1cccc(c1)C(F)(F)F,0.032155,0.08325777980558183,1
CCCn1c(OCCC)nc2c(c1=O)cc(cc2)I,0.032241,0.11240974023972475,0.10810810810810811
CC(C(=O)O)Oc1cc(Cl)c(cc1Cl)Cl,0.032281,0.04798039542219823,1
COc1cc(OC)nc(n1)NC(=O)NS(=O)(=O)c1ncccc1C(F)(F)F,0.032652,1.0857331436704296,1
CN1CN(C)CSC1=S,0.03266,0.05748016757235302,1
CCC1CCCC(OC2CCC(C(O2)C)N(C)C)C(C)C(=O)C2C(CC(=O)O1)C1CCC3C(C1C2)CC(C3)OC1CC(C)C(C(C1OC)OC)OC,0.032697,0.033780681313069064,1
ClCC1CN(C(=O)C1Cl)c1cccc(c1)C(F)(F)F,0.033160999999999996,0.04962197428615905,1
O=C(C(Oc1ccc(cc1)Oc1cnc2c(n1)ccc(c2)Cl)C)OCCON=C(C)C,0.033793,0.027764738721926648,1
Fc1ccc(cc1)C(c1ccccc1F)(Cn1cncn1)O,0.033854,0.02042341203467295,1
CN(/C=N/c1ccc(cc1C)C)/C=N/c1ccc(cc1C)C,0.034082,0.03313272471112565,1
CCCCC(c1ccc(cc1)Cl)(Cn1cncn1)C#N,0.034179,0.1573137715225342,1
CN(C=Nc1ccc(cc1C)C)C=Nc1ccc(cc1C)C,0.034423,0.04229763267890287,1
CCOP(=S)(SCn1c(=O)oc2c1ccc(c2)Cl)OCC,0.0345288,0.0026122558284499492,1
ClC(=CCOc1cc(Cl)c(c(c1)Cl)OCCCOc1ccc(cn1)C(F)(F)F)Cl,0.034819,0.041351932036622144,1
CCOCn1c(c2ccc(cc2)Cl)c(c(c1C(F)(F)F)Br)C#N,0.0350825,0.07541296103937431,1
Fc1ccc(c(c1)c1ccc(c(c1)Cl)Cl)NC(=O)c1cn(nc1C(F)F)C,0.035609999999999996,0.030893136552665106,1
CCCSP(=S)(Oc1ccc(cc1)SC)OCC,0.035665,0.0028718934687450366,1
CCC(C(=O)OC1=C(C(=O)OC21CCCCC2)c1ccc(cc1Cl)Cl)(C)C,0.035787,0.021288285553364893,1
C#CCOC(c1ccc(cc1)Cl)C(=O)NCCc1ccc(c(c1)OC)OCC#C,0.036904,0.15682428021078798,1
CC(Cc1ccccc1)N,0.036981,0.35820983509172727,1
OC(C(C)(C)C)C(n1ncnc1)Cc1ccc(cc1)Cl,0.037441,0.11007742726118461,1
CCN(c1c(cc(cc1N(=O)=O)C(F)(F)F)N(=O)=O)CC(=C)C,0.037508,0.11185125402156088,1
Clc1c(O)c(Cl)c(c(c1Cl)Cl)Cl,0.037546,0.03648811467752711,1
CC(OP(=S)(OC(C)C)SCCNS(=O)(=O)c1ccccc1)C,0.037735,0.003483461373934047,1
Clc1ccc(cc1)c1ccccc1NC(=O)c1cccnc1Cl,0.037878,0.5187891691933314,1
Clc1ccc(c(c1)Cl)C1(OCCO1)Cn1cncn1,0.0379825,0.06615505637954623,1
CCOC(=O)CSc1nc(nn1C(=O)N(C)C)C(C)(C)C,0.038167,0.2753219879598893,1
ClC(C(SN1C(=O)C2C(C1=O)CC=CC2)(Cl)Cl)Cl,0.038675,0.3297078612771189,0.42857142857142855
CC(C(c1cncnc1)(c1ccc(cc1)OC(F)(F)F)O)C,0.038746,0.06614807725138554,1
OC(=O)COc1cc(Cl)c(cc1Cl)Cl,0.039142,0.06689305156364092,1
CCOP(=S)(Oc1nn(c(n1)Cl)C(C)C)OCC,0.039842,0.014721427793486716,1
O=C(NC(=O)c1c(F)cccc1F)Nc1cc(Cl)c(cc1Cl)OC(C(C(F)(F)F)F)(F)F,0.03991,0.09119051915428844,1
CNC(=S)S,0.040113,0.1167836808123427,1
CCCOC/C(=N\c1ccc(cc1C(F)(F)F)Cl)/n1cncc1,0.040492,0.013524031475323772,1
CC(N(C(=O)SCC(=C(Cl)Cl)Cl)C(C)C)C,0.041029,0.034659116233835524,1
O=C(CC(C)(C)C)OC1=C(C(=O)OC21CCCC2)c1c(C)cc(cc1C)C,0.0414325,0.06716323023627083,1
OC1(Cn2ncnc2)C(CCC1(C)C)Cc1ccc(cc1)Cl,0.0420535,0.04968985196582714,1
COP(=S)(Oc1ccc(c(c1)C)[N+](=O)[O-])OC,0.0424911,0.0019341023111427472,1
CCOC(=O)CCN(C(C)C)SN(C(=O)Oc1cccc2c1OC(C2)(C)C)C,0.042628,0.010231171120921501,1
CC(Cc1ccc(cc1)C(C)(C)C)CN1CCCCC1,0.043261,0.0035981520453534288,1
Nc1n[nH]cn1,0.0446005,0.04204987250872469,0.2727272727272727
Nc1ncn[nH]1,0.0446005,0.04204987250872469,0.2727272727272727
[S-]C(=S)NCCNC(=S)[S-].[Zn+2],0.044607,0.18364725436604454,1
CCSC(=O)N1CCCCCC1,0.044874,0.1222518161386908,1
O=C1OC(C(=O)N1Nc1ccccc1)(C)c1ccc(cc1)Oc1ccccc1,0.04514,0.046052880991559915,1
ClC(C(c1ccc(cc1)Cl)c1ccc(cc1)Cl)(Cl)Cl,0.045488125000000004,0.07176584693998721,1
S=C1NCCCN1,0.045617,0.01384383462435663,1
ClCC=CCl,0.045958,0.07420608230927385,0.14285714285714285
CCOC(=O)Cn1c(=O)sc2c1c(Cl)ccc2,0.046003,0.17747526199455307,1
N#CC(c1c(Cl)ccc(c1Cl)n1ncc(=O)[nH]c1=O)c1ccc(cc1)Cl,0.04661,0.049596091576390555,1
CN(C(=S)SSC(=S)N(C)C)C,0.04783,0.06284942476138784,1
Cc1cccc(c1O)C,0.049114,0.2266694688461277,1
CCC(C(=O)NCc1ccccc1)Oc1ccc(c(c1)C(F)(F)F)F,0.049813,0.051176608956587995,1
COC(=O)Nc1nc2c([nH]1)cc(cc2)Sc1ccccc1,0.050109,0.13102940755311185,1
CCSC(CC1CC(=O)C(C(=O)C1)C(=NOCC)CCC)C,0.050568,0.12460566123801867,1
C#CCN1C(=O)COc2c1cc(c(c2)F)N1C(=O)C2=C(C1=O)CCCC2,0.0508,0.0033028000000000007,0.1111111111111111
CNC(=O)Oc1cc(C)c(c(c1)C)C,0.051749,0.05645466144779804,1
CNC(=O)Oc1cccc(c1)/N=C/N(C)C,0.051976,0.0281607580180568,1
CN(C(=O)Oc1nc(nc(c1C)C)N(C)C)C,0.0520385,0.06499656410240343,1
O=N(=O)c1ccc(c(c1)N)C,0.052579,0.23093661681883104,1
CCO/N=C(\C1=C(O)CC(CC1=O)C1CCCSC1)/CCC,0.052847,0.07824045781528054,1
CC(C(c1ccc(cc1)Cl)(Cn1ncnc1)O)C1CC1,0.05326,0.02683258277280798,1
O=C(N/C(=N\OCC1CC1)/c1c(F)c(F)ccc1C(F)(F)F)Cc1ccccc1,0.053352,0.0655305528463518,1
NC(=NCCCCCCCCNCCCCCCCCN=C(N)N)N,0.053436,0.05681533336655957,1
C=CCOC(c1ccc(cc1Cl)Cl)Cn1cncc1,0.053503,0.013892412099187719,1
COCN(c1c(CC)cccc1CC)C(=O)CCl,0.0537505,0.5542194098795326,1
CNC1=C(c2cccc(c2)C(F)(F)F)C(=O)C(O1)c1ccccc1,0.055205,0.11291678635354624,1
CCOc1ccc2c(c1)C(=CC(N2)(C)C)C,0.055221,0.40257887380953766,1
O=C(c1ccc(cc1S(=O)(=O)C)C(F)(F)F)c1cnoc1C1CC1,0.055661,0.02921225398411233,1
CCOC(=O)COC(=O)c1cc(ccc1[N+](=O)[O-])Oc1ccc(cc1Cl)C(F)(F)F,0.055835,0.6653456368017054,1
COc1nc(nc(n1)C)NC(=O)[N-]S(=O)(=O)c1cc(I)ccc1C(=O)OC.[Na+],0.056118,0.1667382913178488,1
CNC(=O)Oc1cccc(c1)N=CN(C)C,0.056496,0.042368706344005004,1
CCOC(=O)C(c1ccc(cc1)Cl)(c1ccc(cc1)Cl)O,0.056583,0.056908274196164975,1
OC(=O)COc1ccc(cc1C)Cl,0.0573225,0.08764079632329055,1
CCOCCN(C(=C(C)C)c1ccccc1)C(=O)CCl,0.05747,0.5236237897070305,1
CCOC(=O)NCCOc1ccc(cc1)Oc1ccccc1,0.0575765,0.1481923022338741,1
CN(C(CN1c2ccccc2Sc2c1cccc2)C)C,0.058365,0.08967187496473839,1
CC1COC(O1)(Cn1cncn1)c1ccc(cc1Cl)Oc1ccc(cc1)Cl,0.059321,0.11588976459334906,1
N#CC(c1cccc(c1)Oc1ccccc1)OC(=O)C(c1ccc(cc1)Cl)C(C)C,0.059538,0.014939388340130984,1
CCN(c1c(cc(cc1[N+](=O)[O-])C(F)(F)F)[N+](=O)[O-])CC(=C)C,0.0595625,0.02739652405092243,1
N#CC(c1cccc(c1)Oc1ccccc1)OC(=O)C1C(C1(C)C)(C)C,0.060099,0.027769720527461333,1
CC(OC(=O)C(c1ccc(cc1)Br)(c1ccc(cc1)Br)O)C,0.0606145,0.016978707712501727,1
C=CC=CCC1=C(C)C(CC1=O)OC(=O)C1C(C1(C)C)C=C(C)C.C=CC=CCC1=C(C)C(CC1=O)OC(=O)C1C(C1(C)C)C=C(C(=O)OC)C,0.06135,0.16209736680242204,1
Clc1ccccc1c1nnc(nn1)c1ccccc1Cl,0.06152150000000001,0.1490562329002087,1
COC(=O)c1cccc(c1S(=O)(=O)NC(=O)Nc1nc(OCC(F)(F)F)nc(n1)N(C)C)C,0.062141,0.04009749227281286,1
CCNc1nc(SC)nc(n1)NC(C)(C)C,0.062149,0.012447117278175216,1
[O-][N+](=O)c1cc(cc(c1)[N+](=O)[O-])[N+](=O)[O-],0.062458,0.03777610386743243,1
Clc1cc(ccc1Oc1ccc(c(c1)C(=O)NS(=O)(=O)C)[N+](=O)[O-])C(F)(F)F,0.062678,0.17688635136038366,1
Clc1cc(F)c(cc1C(=O)NS(=O)(=O)N(C(C)C)C)n1c(=O)cc(n(c1=O)C)C(F)(F)F,0.062693,0.029112999999999997,0.10416666666666667
COc1nc(nc(n1)C)NC(=O)NS(=O)(=O)c1ccccc1Cl,0.062889,0.1286890696183696,1
O=C(NS(=O)(=O)c1c(C)cccc1C(=O)O)Nc1nc(OCC(F)(F)F)nc(n1)N(C)C,0.063963,0.11189816516207657,1
COc1nc(nc(n1)C)NC(=O)NS(=O)(=O)c1ccsc1C(=O)OC,0.064534,0.12547824426808382,1
O=C(N(C)C)Nc1ccc(c(c1)Cl)n1nc(oc1=O)C(C)(C)C,0.064937,0.012471412310884751,1
CCCCN(SN(C(=O)Oc1cccc2c1OC(C2)(C)C)C)CCCC,0.065695,0.012234193035874173,1
[O-][N+](=O)NC1=NCCN1Cc1ccc(nc1)Cl,0.066494,0.06983499732815489,1
O=C(NC(=O)c1c(F)cccc1F)Nc1cc(Cl)c(c(c1F)Cl)F,0.06691,0.08283471456455249,1
CSc1nnc(c(=O)n1N)C(C)(C)C,0.067199,0.01370099999999999,0.11538461538461539
O=C(NC(=O)c1c(F)cccc1F)Nc1ccc(c(c1)Cl)OC(C(OC(F)(F)F)F)(F)F,0.06758600000000001,0.11435801991711596,1
CCOc1ccc(cc1)C(COCc1cccc(c1)Oc1ccccc1)(C)C,0.068395,0.12256530014835244,1
C#CCOS(=O)OC1CCCCC1Oc1ccc(cc1)C(C)(C)C,0.06905,0.10068431155461997,1
CCO/N=C(/C1=C(O)CC(CC1=O)c1c(C)cc(cc1C)C)\CC,0.069817,0.14736033883141783,1
CO/N=C(/c1ccccc1COc1cc(C)ccc1C)\C(=O)NC,0.070468,0.6726718419351129,1
COc1cc(OC)n2c(n1)nc(n2)S(=O)(=O)Nc1c(Cl)ccc(c1Cl)C,0.071727,0.3443644563338727,1
OC(=O)COc1nc(Cl)c(cc1Cl)Cl,0.07213454999999999,0.021538123048105567,1
CCCN(c1c(cc(cc1[N+](=O)[O-])S(=O)(=O)N)[N+](=O)[O-])CCC,0.07218,0.08095712387333837,1
CCN1CCN(CC1)c1cc2c(cc1F)c(=O)c(cn2C1CC1)C(=O)O,0.072344,0.3330752569146831,0.5862068965517241
Nc1ccc(cc1)Cl,0.072508,0.2257342310477128,1
CO/N=C(\c1ccccc1CO/N=C(/c1cccc(c1)C(F)(F)F)\C)/C(=O)OC,0.072728,0.15910843769893582,1
O=C(N(C)C)Nc1cccc(c1)C(F)(F)F,0.073957,0.02114633136389124,1
OC(C(C)(C)C)C(n1cncn1)Oc1ccc(cc1)c1ccccc1,0.074093,0.2314082998077251,1
CCCSc1ccc2c(c1)[nH]c(n2)NC(=O)OC,0.075377,0.19863545527695797,1
Cn1nc(c(c1)C(=O)Nc1cccc2c1C1CCC2C1=C(Cl)Cl)C(F)F,0.075835,0.06540091325358338,1
CCNc1nc(NC(C)C)nc(n1)Cl,0.077892,0.09557547621401412,1
N#C/N=C(/N(Cc1ccc(nc1)Cl)C)\C,0.07859,0.024151860196621765,1
CC(c1cc(ccc1O)C(c1ccc(c(c1)C(C)C)O)(C)C)C,0.080014,0.4337913188388365,1
C=CCC1=C(C)C(CC1=O)OC(=O)C1C(C1(C)C)C=C(C)C,0.081016,0.09459242464095385,1
NC(=N)NCCCCCCCCNC(=N)N,0.08102,0.12282753342910002,1
O=C(C1=C(C)OCCS1)Nc1ccccc1,0.0811745,0.11813306239560711,1
Clc1cc(cnc1CNC(=O)c1c(Cl)cccc1Cl)C(F)(F)F,0.082121,0.015899699701777743,1
CNC(=O)Oc1cc(C)c(c(c1)C)SC,0.0827735,0.01745439339699323,1
O=C(c1cccc(c1C(=O)NC(CS(=O)(=O)C)(C)C)I)Nc1ccc(cc1C)C(C(F)(F)F)(C(F)(F)F)F,0.0827975,0.1433768668260628,1
COC(=O)Nc1cccc(c1)OC(=O)Nc1cccc(c1)C,0.083248,0.04124176665314473,1
CCCN(c1c(cc(c(c1[N+](=O)[O-])N)C(F)(F)F)[N+](=O)[O-])CCC,0.08393,0.1493006243572841,1
OC(C(C)(C)C)C(n1ncnc1)Oc1ccc(cc1)Cl,0.084527,0.08858310655989451,1
O=C(C(C)(C)C)C(n1ncnc1)Oc1ccc(cc1)Cl,0.085107,0.05407217031419339,1
CCCC(=C1C(=O)CC(CC1=O)C1CCCSC1)NOCC,0.08603,0.029427973343164302,1
Cn1cc(c2cccc(c2)C(F)(F)F)c(=O)c(c1)c1ccccc1,0.08730199999999999,0.06351307941770289,1
CC(NC(=O)N1CC(=O)N(C1=O)c1cc(Cl)cc(c1)Cl)C,0.08783250000000001,0.06762698562465963,1
CC(=O)Nc1cc(NS(=O)(=O)C(F)(F)F)c(cc1C)C,0.088948,0.8563488390111477,1
COCC(=O)Nc1cc(ccc1NC(=NC(=O)OC)NC(=O)OC)Sc1ccccc1,0.08959,0.14714194060705973,1
CCCN(C(=O)SCC)CCC,0.0897945,0.0385202690181602,1
COc1cc(ccc1OC)/C(=C/C(=O)N1CCOCC1)/c1ccc(cc1)Cl,0.0902395,0.16194822085407576,1
CCC(=O)Nc1ccc(c(c1)Cl)Cl,0.09171,0.2762565955009296,1
N#CC(c1ccccc1)(Cn1cncn1)CCc1ccc(cc1)Cl,0.092038,0.08788613792301608,1
Clc1ccc2c(c1)ncc(n2)Oc1ccc(cc1)OC(C(=O)OCC1CCCO1)C,0.092103,0.04323944778006104,1
CNC(=O)ON=C(SC)C,0.092474,0.04008680217571634,1
NC(=O)c1c(Cl)cccc1Cl,0.092619,0.20337174464044985,1
Clc1ccc(c(c1)Cl)NC(=O)C1(CC1)C(=O)O,0.093032,0.18680950312249067,1
Clc1cc(Cl)cc(c1)C1(CO1)CC(Cl)(Cl)Cl,0.093625,0.06118175683822364,1
ClC(=CC1C(C1(C)C)C(=O)OCc1cccc(c1)Oc1ccccc1)Cl,0.095836,0.11949553937058968,1
OC(=O)C(Oc1ccc(cc1Cl)Cl)C,0.0967835,0.03387956718268448,1
[O-][N+](=O)/N=C/1\NCCN1Cc1ccc(nc1)Cl,0.097395,0.09059586582208207,1
NC(=N)NCCCCCCCCCCCCOC(=O)C,0.1016,0.08664971026374407,1
OC1CC2(O)CC(O)C(C(O2)(C)CC(C=CC=CC=CC=CCC(OC(=O)C=CC2C(C1)(C)O2)C)OC1(C)OC(C)C(C(C1O)N)O)C(=O)O,0.10172,0.41522212752861354,1
COP(=O)(NC(=O)C)SC,0.1023645,0.020049393739713695,1
COc1ncc(c2n1nc(n2)NS(=O)(=O)c1c(cccc1C(F)(F)F)OCC(F)F)OC,0.10344,0.23889028194719353,1
COCc1c(F)c(F)c(c(c1F)F)COC(=O)C1C(C1(C)C)/C=C/C,0.10573,0.03252106704823217,1
[O-][N+](=O)c1cnc(n1C)C,0.10629,0.4258006458906727,1
CCOC(=O)C(OC(=O)c1cc(ccc1N(=O)=O)Oc1cc(ccc1Cl)C(F)(F)F)C,0.10828,0.08241492749141009,1
CCOC(=O)C(OC(=O)c1cc(ccc1[N+](=O)[O-])Oc1ccc(cc1Cl)C(F)(F)F)C,0.10828,0.2386906583992992,1
COc1c(OC)cc(c(c1OC)C(=O)c1c(OC)ncc(c1C)Cl)C,0.108388,0.47251185201133056,1
S=C1NCCNC(=S)S[Mn+2]S1,0.10856,0.039604469134128406,1
ClCC(=O)N(c1ccccc1)C(C)C,0.10865,0.0636191888897636,1
O=C1CCCC(=O)C1C(=O)c1ccc(cc1Cl)S(=O)(=O)C,0.11010835,0.005162002756685888,1
CCCN(CC1COC2(O1)CCC(CC2)C(C)(C)C)CC,0.11029,1.3278,0.1
O=C1N(c2cc(Cl)cc(c2)Cl)C(=O)C2(C1(C)C2)C,0.1108605,0.10470126815637591,1
COC(=O)c1c(nc(c(c1CC(C)C)C1=NCCS1)C(F)(F)F)C(F)F,0.11151,0.06043692115939849,1
Oc1ccc(c(c1)C)C,0.1146,0.27719238323836526,1
Clc1ccc(cc1)CCC(C(C)(C)C)(Cn1cncn1)O,0.115167,0.05680153787091011,1
CNc1cnn(c(=O)c1Cl)c1cccc(c1)C(F)(F)F,0.1152575,0.09752409298962122,1
N#Cc1c(N)nc(nc1N)NC1CC1,0.11566,0.1009617149303171,1
CC(N(c1c(cc(cc1N(=O)=O)S(=O)(=O)N)N(=O)=O)C(C)C)C,0.11817,0.41913381480648365,1
CNC(=O)O/N=C(\SC)/C,0.11837,0.05612717639974856,1
Nc1ccc(cc1)S(=O)(=O)Nc1nc(C)cc(n1)C,0.11856,0.7364137182398955,1
CCN(c1c(cc(cc1[N+](=O)[O-])C(F)(F)F)[N+](=O)[O-])Cc1c(F)cccc1Cl,0.11856,0.07834564341936183,1
COc1cc(ccc1OC)C(=CC(=O)N1CCOCC1)c1ccc(cc1)Cl,0.11937,0.09050508187876836,1
CCCCc1c(=O)nc([nH]c1C)NCC,0.11945,0.20934840608954194,1
COC(=O)NC(=S)Nc1ccccc1NC(=S)NC(=O)OC,0.12412500000000001,0.2909002941141425,1
c1coc(c1)c1nc2c([nH]1)cccc2,0.12487,0.14792895919683197,1
CN(C(=O)C(c1ccccc1)c1ccccc1)C,0.12536,0.23028276742620554,1
CCOc1cc(ccc1[N+](=O)[O-])Oc1ccc(cc1Cl)C(F)(F)F,0.12856,0.11342255257944955,1
[O-][N+](=O)/N=C(\NC)/NCc1cnc(s1)Cl,0.13017,1.4984994797645517,1
Clc1c(ccc(c1N)[N+](=O)[O-])Oc1ccccc1,0.13224349999999999,0.45951640184534837,1
OC(C(C)(C)C)C(=Cc1ccc(cc1)Cl)n1ncnc1,0.13507,0.18548801442829876,1
CCNC(=O)NC(=O)/C(=N\OC)/C#N,0.135735,0.15289,1
O=C(Nc1cnns1)Nc1ccccc1,0.13621,0.07683410063574432,1
CCc1ccc(cc1)C(=O)NN(C(C)(C)C)C(=O)c1cc(C)cc(c1)C,0.13674999999999998,1.1179092021424053,1
CN1CC2CC1CN2c1cc2c(cc1F)c(=O)c(cn2C1CC1)C(=O)O,0.13991,0.2090946529245896,0.5862068965517241
OCC(CCl)O,0.14067559999999998,14.497001490430202,1
COC(=O)C(N(c1c(C)cccc1C)C(=O)Cc1ccccc1)C,0.14136,0.23748560914584088,1
COc1nc(C)nc(n1)N(C(=O)NS(=O)(=O)c1ccccc1C(=O)O)C,0.14422,0.14146003950986155,1
ClC(=C)Cl,0.14441,0.010100837249467656,0.1
CC(=O)O.CCCCCCCCCCCCNC(=N)N,0.14612,0.06315546914112784,1
CON=C(c1ccccc1CON=C(c1cccc(c1)C(F)(F)F)C)C(=O)OC,0.14693,0.11246649181328962,1
COC(CCCC(CC=CC(=CC(=O)OC(C)C)C)C)(C)C,0.14816,0.8558928058794961,1
c1scc(n1)c1nc2c([nH]1)cccc2,0.14907,0.16697452985801875,1
CC(N1C(=O)c2ccccc2NS1(=O)=O)C,0.14983,0.576112265206655,1
N#CC(c1cccc(c1)Oc1ccccc1)OC(=O)C1C(C1(C)C)C=C(Cl)Cl,0.150135,0.03037702295535186,1
Cc1cccc2c1n1cnnc1s2,0.150605,0.3205809677156071,1
ClC(SN1C(=O)c2c(C1=O)cccc2)(Cl)Cl,0.15173999999999999,0.21509597972458702,1
CON=C(c1ccc(cc1Cl)Cl)Cc1cccnc1,0.15246,0.0403255210062426,1
CCNC(=O)NC(=O)C(=NOC)C#N,0.15289,0.13464656029769195,1
Clc1ccc(c(c1)Cl)C=C(C(C(C)(C)C)O)n1cncn1,0.15327,0.1239792738735501,1
CCC(Nc1c(cc(cc1[N+](=O)[O-])C(C)(C)C)[N+](=O)[O-])C,0.153385,0.055800253302791696,1
COC=C(c1ccccc1Oc1ncnc(c1)Oc1ccccc1C#N)C(=O)OC,0.15432,0.21541160679805005,1
COP(=S)(Oc1cc(Cl)c(cc1Cl)Cl)OC,0.1555,0.009294755343743084,1
CCCCCCCCc1cc(N(=O)=O)c(c(c1)N(=O)=O)OC(=O)C=CC,0.15642,0.4237752587535801,1
Cc1nc(Nc2ccccc2)nc(c1)C1CC1,0.15802,0.5553748019083816,1
CCOC(=O)CN(c1c(CC)cccc1CC)C(=O)CCl,0.16036,0.11266421901438851,1
CC(OC(=O)Nc1ccccc1)C,0.16182,1.002547247423522,1
c1ccc(cc1)Nc1ccccc1,0.16546,0.45448822034538994,1
C#CC(NC(=O)c1cc(Cl)cc(c1)Cl)(C)C,0.16593,0.11372565702525209,1
Cc1ccc(c2c1cccc2)C,0.17283,0.13504143399977772,1
Clc1cc(Cl)c(cc1n1nc(n(c1=O)C(F)F)C)NS(=O)(=O)C,0.17304,0.02384153039577781,1
COC(=O)c1ccc(cc1C1=NC(C(=O)N1)(C)C(C)C)C,0.17341,0.40180569039443664,1
CNC(=O)N(c1nnc(s1)C(C)(C)C)C,0.1752,0.15654919233821035,0.4
CCCCCCC(c1cc(cc(c1OC(=O)/C=C/C)[N+](=O)[O-])[N+](=O)[O-])C,0.17563,0.3228827670672102,1
CCCCCCCCCC[N+](CCCCCCCCCC)(C)C.[Cl-],0.17676,1.1435662547735692,1
CCCC1COC(O1)(Cn1cncn1)c1ccc(cc1Cl)Cl,0.176786,0.04916038048782871,1
N#Cc1cc(C)c(c(c1)C(=O)NC)NC(=O)c1cc(nn1c1ncccc1Cl)Br,0.17901,0.02589916243307784,1
COCC(=O)N(c1c(C)cccc1C)N1CCOC1=O,0.17966,0.14697994498463737,1
CC1=NNC(=O)N(C1)/N=C/c1cccnc1,0.18092,0.5714087517689246,1
C#CCC1=C(C)C(CC1=O)OC(=O)C1C(C1(C)C)C=C(C)C,0.18558899999999998,0.10552519923419938,1
O=N(=O)c1ccc(c(c1)N(=O)=O)C,0.18668,0.08470842491190124,1
ClCC(=O)N(c1c(C)cccc1C)Cn1cccn1,0.18829800000000002,0.14724882250904567,1
N#CCNC(=O)c1cnccc1C(F)(F)F,0.19244,0.5428266925258607,1
OC1CN(C(=O)N1c1nnc(s1)C(C)(C)C)C,0.19507,0.17520000000000005,0.4
O=c1nc(N(C)C)n(c(=O)n1C1CCCCC1)C,0.19817,0.5036400000000001,0.16666666666666666
COc1nc(nc(n1)C)NC(=O)NS(=O)(=O)c1ccccc1CCC(F)(F)F,0.200175,0.07798826417496972,1
Nc1ccc(c(c1)N)O,0.20138,1.456457812343639,1
Cn1nc(c(c1)C(=O)Nc1ccccc1C1CC1C1CC1)C(F)F,0.2022,0.04576732199933958,1
O=C(NS(=O)(=O)c1ccccc1C(=O)OC1COC1)Nc1nc(C)cc(n1)C,0.20423,0.1511241493249887,1
CO/C=C(\c1ccccc1Oc1ncnc(c1)Oc1ccccc1C#N)/C(=O)OC,0.20427,0.1649921478439711,1
ClC=C(c1cc(Cl)c(cc1Cl)Cl)OP(=O)(OC)OC,0.20494,0.00468018397548797,1
CC(=CC1C(C1(C)C)C(=O)OCc1coc(c1)Cc1ccccc1)C,0.2068305,0.24950799740892696,1
ClCC(=O)N(c1c(CC)cccc1CC)CNC(=O)C,0.21058,0.2652816115339773,1
CCOCN(c1c(C)cccc1CC)C(=O)CCl,0.21666999999999997,0.1417567751129022,1
CC(c1ccc(cc1)O)(c1ccc(cc1)O)C,0.21902,0.3883578995493014,1
CC(Nc1nc(NC(C)C)nc(n1)Cl)C,0.219845,0.06538338226462309,1
Fc1ccc(cc1)C(=O)CCCN1CCN(CC1)c1ccccn1,0.221446,0.3201791486752209,1
COCC(=O)N(c1c(C)cccc1C)C(C(=O)OC)C,0.22375,0.16194144266566238,1
Nc1ccc2c(c1)nc1c(c2)ccc(c1)N,0.22462,0.31183121631075367,1
Cc1nnc(c(=O)n1N)c1ccccc1,0.2326765,0.1930748486488201,1
CCNC(=O)C(OC(=O)Nc1ccccc1)C,0.23279,0.23218358582651033,1
CNC(=O)Oc1ccccc1OC(C)C,0.23418,0.013723673121154247,1
Cl/C=C/CO/N=C(\C1=C(O)CC(CC1=O)CC(SCC)C)/CC,0.23895,0.17623271825645226,1
CCCCCCCCSC(=O)Oc1cc(Cl)nnc1c1ccccc1,0.24081999999999998,0.11259709736280737,1
Nc1cnn(c(=O)c1Cl)c1ccccc1,0.24815,0.11203441626746227,1
CCc1cc(C)cc(c1c1c(OC(=O)C(C)(C)C)n2n(c1=O)CCOCC2)CC,0.24968,0.08843778074541372,1
CC1OC(C)OC(OC(O1)C)C,0.2497,0.71759,0.25
[S]C(=S)NCCNC(=S)S[Mn],0.25254,0.029230690430281737,1
O=C1N(OCC1(C)C)Cc1ccccc1Cl,0.253443,0.05992946912912855,1
CC(CC(c1sccc1NC(=O)c1cn(nc1C(F)(F)F)C)C)C,0.25458,0.12140293055430215,1
CCSC(CC1CC(=O)C(=C(NOCC=CCl)CC)C(=O)C1)C,0.25839999999999996,0.18080210641569622,1
Cc1ccc(cc1)N(S(=O)(=O)N(C)C)SC(Cl)(Cl)F,0.25917,0.07331735808644732,1
CC1N(C(=O)NC2CCCCC2)C(=O)SC1c1ccc(cc1)Cl,0.259436,0.037912302696197005,1
Fc1ccc(cc1)Oc1ccnc2c1c(Cl)cc(c2)Cl,0.25963,0.05125040435593908,1
CCCCCCC(c1cc(cc(c1OC(=O)/C=C\C)[N+](=O)[O-])[N+](=O)[O-])C,0.26317500000000005,0.10229610697854082,1
CCN(C(=O)C(Oc1cccc2c1cccc2)C)CC,0.271895,0.745274637672488,1
OC(=O)C(Cl)(Cl)C,0.273385,0.42676906198092396,0.125
COc1cc(OC)nc(n1)NC(=O)NS(=O)(=O)c1ncccc1S(=O)(=O)CC,0.28045,0.6704101902207241,1
OC(=O)COc1ccc(cc1Cl)Cl,0.2805,0.10271741014229156,1
CO/C=C(\c1ccccc1COc1cccc(n1)C(F)(F)F)/C(=O)OC,0.28313,0.146402128757787,1
CCOC(=O)CC(C(=O)OCC)SP(=S)(OC)OC,0.292105,0.03391475855850981,1
CNC(=O)Oc1cccc2c1cccc2,0.29818,0.28117095139261655,1
COC(=O)c1ccccc1S(=O)(=O)NC(=O)Nc1nc(OC(F)F)cc(n1)OC(F)F,0.29893,0.7880265755333096,1
CN(C(=S)[S-])C.CN(C(=S)[S-])C.CN(C(=S)[S-])C.[Fe+3],0.30012,0.033370225153194974,1
CCOC(=O)c1ccccc1S(=O)(=O)NC(=O)Nc1nc(Cl)cc(n1)OC,0.30133,0.45327731552145556,1
Fc1ccc(c(c1)F)NC(=O)c1cccnc1Oc1cccc(c1)C(F)(F)F,0.30333,0.061915560656867534,1
NC1CC(N=C(C(=O)O)N)C(OC1OC1C(O)C(O)C(C(C1O)O)O)C,0.30578,2.5744890364385027,1
CNC(=O)Oc1cc(C)cc(c1C)C,0.30635,0.07395808661743995,1
Clc1ccc(cc1)CN(C(=O)Nc1ccccc1)C1CCCC1,0.31170800000000004,0.07980069008535982,1
ClCCOc1ccccc1S(=O)(=O)NC(=O)Nc1nc(C)nc(n1)OC,0.31207450000000003,0.10396030912791916,1
CCC(n1c(=O)[nH]c(c(c1=O)Br)C)C,0.31690999999999997,0.2868010916268421,1
OC(=O)CCl,0.31747,0.1671151871942349,1
ClC(SN1C(=O)C2C(C1=O)CC=CC2)(Cl)Cl,0.32935499999999995,0.07976078042600018,1
CN(C1C(=O)C(=C(O)N)C(=O)C2(C1CC1C(=C(O)c3c(C1(C)O)cccc3O)C2=O)O)C,0.33751,7.451766115785945,1
Clc1cc(ccc1Oc1ccc(c(c1)C(=O)O)[N+](=O)[O-])C(F)(F)F,0.34563,0.39916384329888444,1
N=C(NC(=N)N)NCCc1ccccc1,0.35565,0.30348165502583013,1
COc1ccc(cc1)C(C(Cl)(Cl)Cl)c1ccc(cc1)OC,0.36164,0.08918692534652885,1
Cc1cc(C)cc(c1)C(=O)N(C(C)(C)C)NC(=O)c1ccc2c(c1C)CCCO2,0.3678,0.455824100215936,1
O=C(Nc1ccnc(c1)Cl)Nc1ccccc1,0.37548,0.04004178313694108,1
CO/N=C(\c1ccccc1Oc1ncnc(c1F)Oc1ccccc1Cl)/C1=NOCCO1,0.39448,0.08889431100143208,1
N#Cc1ccc(cc1)C/C(=N/NC(=O)Nc1ccc(cc1)OC(F)(F)F)/c1ccc(cc1)C(F)(F)F,0.39494,0.10814864512129653,1
NCCNc1cccc2c1cccc2,0.42415,0.36040379880122003,1
CC(=CC1C(C1(C)C)C(=O)OCc1cccc(c1)Oc1ccccc1)C,0.42802,0.06098065410332806,1
CC(Oc1ccccn1)COc1ccc(cc1)Oc1ccccc1,0.433615,0.07906976678972555,1
N#Cc1c[nH]cc1c1cccc2c1OC(O2)(F)F,0.449265,0.6659873077766337,1
O=C(NC(=O)c1c(F)cccc1F)Nc1ccc(cc1F)Oc1ccc(cc1Cl)C(F)(F)F,0.458295,0.04103726796851559,1
CCSC(=O)N(CC(C)C)CC(C)C,0.46004,0.043615892575973765,1
CSC(=O)c1cccc2c1snn2,0.46082,0.2934345305875386,1
ClCC(=O)N(c1c(C)cccc1CC)COC(C)C,0.463365,0.13753389505085853,1
Cc1cc(N)c(cc1C)C,0.46595,0.09798385480638508,1
Clc1cc(ccc1Oc1ccc(c(c1)C(=O)[O-])[N+](=O)[O-])C(F)(F)F.[Na+],0.46919,0.3635168668154065,1
Clc1c(Cl)c([N+](=O)[O-])c(c(c1Cl)Cl)Cl,0.47404,0.041504267369480506,1
CC1OC(C)CN(C1)C1CCCCCCCCCCC1,0.48317,0.040365094277215886,1
COc1nc(nc(n1)C)NC(=O)NS(=O)(=O)c1ccccc1C(=O)OC,0.48379,0.10759955650134392,1
CCCCc1c(C)nc(nc1OS(=O)(=O)N(C)C)NCC,0.49302,0.06170339457236694,1
CN1N(C)C(CC1c1ccccc1)c1ccccc1,0.49534,0.21437620561389462,1
OC(=O)C(Oc1cccc(c1)Cl)C,0.49846,0.021860896323342857,1
COC(=O)C(NC(=O)C(CC(=O)O)N)Cc1ccccc1,0.49949,0.6275164474255649,1
O=c1[nH]c2CCCc2c(=O)n1C1CCCCC1,0.50364,0.21011019904236536,1
CCOC(=O)OC1=C(C(=O)NC21CCC(CC2)OC)c1cc(C)ccc1C,0.5061,0.06896722653826452,1
N#Cc1c[nH]cc1c1cccc(c1Cl)Cl,0.50615,0.0428084772195063,1
CCOc1nc(nc(n1)NC)NC(=O)NS(=O)(=O)c1ccccc1C(=O)OC,0.51169,0.23109012425755235,1
CCCCC(COC(=O)c1ccccc1C(=O)OCC(CCCC)CC)CC,0.51209,2.8831482164285367,1
Nc1nc(NC2CC2)nc(n1)N,0.514491,0.162564088288422,1
CCCCOCCOCCOCc1cc2OCOc2cc1CCC,0.51708,0.33736880263337077,1
COc1c(Cl)ccc(c1C(=O)O)Cl,0.52027,0.6505026638341295,1
CCOc1cc(ccc1C1COC(=N1)c1c(F)cccc1F)C(C)(C)C,0.5203,0.04082031543546992,1
COCC(N(c1c(C)cccc1CC)C(=O)CCl)C,0.52855,0.17817332169609335,1
O=CCC1CC(C)C(=O)C=CC(=CC(C(OC(=O)CC(C(C1OC1(C)OC(C)C(C(C1O)N(C)C)OC1(C)OC(C)C(C(C1)(C)O)O)C)O)CC)COC1OC(C)C(C(C1OC)OC)O)C,0.52958,0.10886837672416151,1
[O-][N+](=O)/N=C\1/N(Cc2cnc(s2)Cl)COCN1C,0.53134,0.1157001357916454,1
COC(=O)C1(O)c2cc(Cl)ccc2c2c1cccc2,0.54605,0.018282461695916862,1
COC(=O)c1cc(ccc1[N+](=O)[O-])Oc1ccc(cc1Cl)Cl,0.54657,0.36834076407589234,1
CC(C12CCC(O2)(C(C1)OCc1ccccc1C)C)C,0.54665,0.3783949106536331,1
Oc1ccc2c(c1N=Nc1ccccc1)ccc(c2)S(=O)(=O)O,0.54821,1.4088530675048707,1
Nc1ccc(c(c1)N(=O)=O)N,0.56811,0.35938075888637544,1
CCCN(c1c(cc(cc1[N+](=O)[O-])C(F)(F)F)[N+](=O)[O-])CCCl,0.56902,0.08151592614057675,1
NC1CCCCC1,0.5974349999999999,0.16869122618294258,1
COC(=O)c1csc(c1S(=O)(=O)NC(=O)n1nc(n(c1=O)C)OC)C,0.5994,0.4352679359570929,1
COc1cc(Cl)c(cc1Cl)OC,0.60371,0.10457457875063368,1
COCCN(c1c(C)cccc1C)C(=O)CCl,0.6139,0.066789199179077,1
OC(=O)C1C2CCC(C1C(=O)O)O2,0.61774,0.4980768387009046,1
O=Cc1ccco1,0.62445,0.12487,0.1111111111111111
CCCCNC(=O)n1c(NC(=O)OC)nc2c1cccc2,0.628625,0.2199467364099138,1
CN(C(=O)Nc1ccc(cc1)Cl)C,0.62925,0.02451483540622636,1
COc1c(OC)cc(c(c1OC)C(=O)c1c(OC)ccc(c1C)Br)C,0.63528,0.1534580319280037,1
OC1(Cn2ncnc2)/C(=C/c2ccc(cc2)Cl)/CCC1(C)C,0.64063,0.060480564125465784,1
COC(=O)c1ccc(cc1)C(=O)OC,0.64372,1.5232392628873108,1
Clc1ccc(cc1)S(=O)(=O)c1cc(Cl)c(cc1Cl)Cl,0.64597,0.03970697534428981,1
CC(OC(=O)NC(C(=O)NC(c1nc2c(s1)cc(cc2)F)C)C(C)C)C,0.65432,0.18864749814004692,1
CCCOC(=O)NCCCN(C)C.Cl,0.66747,3.1518592912026056,1
CCCCOCC(OCC(O)C)C,0.67269,0.6057183370857274,1
CC1OC(C)OC(C1)OC(=O)C,0.71759,0.1800567934233961,0.25
[O-][N+](=O)c1cc(Cl)c(c(c1)Cl)N,0.72459,0.0974426146623003,1
COc1nc(nc(c1)OC)NC(=O)NS(=O)(=O)Cc1ccccc1C(=O)OC,0.75292,0.6802182167559607,1
O=C(C1C(C1(C)C)C=C(C)C)OCN1C(=O)C2=C(C1=O)CCCC2,0.75436,0.07580764763625997,1
CCOc1nc(F)cc2n1nc(n2)S(=O)(=O)Nc1c(Cl)cccc1C(=O)OC,0.75615,0.5003711558129528,1
CCCN(c1c(cc(cc1[N+](=O)[O-])C(F)(F)F)[N+](=O)[O-])CCC,0.760539,0.04573417513755395,1
COC(=O)c1c(Cl)c(Cl)c(c(c1Cl)Cl)C(=O)OC,0.768162,0.2888263884813736,1
COc1cc(OC)nc(n1)NC(=O)NS(=O)(=O)Cc1ccccc1C(=O)O,0.77956,0.6536201858608215,1
Clc1ccc(c(n1)C(=O)O)Cl,0.78125,0.42462576778303013,1
COC(=O)NS(=O)(=O)c1ccc(cc1)N,0.78179,0.5842969444450055,1
ClCC[N+](C)(C)C.[Cl-],0.79079,3.3587364920090987,1
COC(CCCC(C/C=C/C(=C/C(=O)OC(C)C)/C)C)(C)C,0.80523,0.13732812785699586,1
CCOc1cc(ccc1OCC)NC(=O)OC(C)C,0.8241,0.1793367710559056,1
OC(=O)c1nc(Cl)c(c(c1Cl)N)Cl,0.8283,0.7131490150774492,1
CC(C1(C)N=C(NC1=O)c1nc2ccccc2cc1C(=O)O)C,0.8351195,0.5468381897088649,1
Nc1ccc(c(c1)C)NOS(=O)(=O)O,0.84315,0.5422208204103196,1
CCOC(=O)C1OC1(C)c1ccccc1,0.84854,0.13204668749013046,1
COC(=O)Nc1nc2c([nH]1)cccc2,0.8499450000000001,0.034281549897798795,1
OCCn1c(C)ncc1[N+](=O)[O-],0.8764,0.11268411956938622,1
CC(Oc1cccc(c1)NC(=O)c1ccccc1C(F)(F)F)C,0.907795,0.24581610020027767,1
COP(=O)OC,0.90869,0.1163372948750952,1
OCCNc1ccc(cc1OCCO)N(=O)=O,0.94539,0.933026452183397,1
O=N(=O)c1cccc2c1cccc2,0.95283,0.3348979055626918,1
O=C(C1(C)CCCCC1)Nc1ccc(c(c1Cl)Cl)O,0.96626,0.38148538585170594,1
ClCCP(=O)(O)O,0.9723550000000001,2.415446889200535,1
Oc1cccc2c1nccc2,0.98513,0.8658493400958024,1
CCCOC(=O)c1ccc(cn1)C(=O)OCCC,0.99491,2.577485737503307,1
Oc1noc(c1)C,0.99911,4.460800000000001,0.1
CC[N](=C1C=CC(=C(c2ccc(cc2)N(Cc2cccc(c2)S(=O)(=O)O)CC)c2ccc(cc2)N(C)C)C=C1)Cc1cccc(c1)S(=O)(=O)O,1.01,0.35439817581861227,1
ClCC[N+](C)(C)C,1.0602,0.769322382021074,1
Clc1ccccc1,1.0661,0.09135478771308206,1
O=C1CCCCCN1,1.1047,0.4043892593874615,1
Cc1cc(C)nc(n1)Nc1ccccc1,1.1091,0.0737976978862917,1
COc1cccc(c1C)C(=O)NN(C(C)(C)C)C(=O)c1cc(C)cc(c1)C,1.1154,0.7821714373267393,1
COC(=O)C(=CC=CC(=CC=CC=C(C=CC=C(C=CC1=C(C)CCCC1(C)C)C)C)C)C,1.1194,0.020676050303422566,1
Clc1ccccc1CC(C1(Cl)CC1)(Cn1nc[nH]c1=S)O,1.1619199999999998,0.058943462141135015,1
Oc1ccc(cc1Cl)C(C)(C)C,1.1697,0.06937930270229405,1
COc1cc(OC)nc(n1)NC(=O)NS(=O)(=O)Nc1ccccc1C(=O)N(C)C,1.178,1.9742151147471259,1
CON=C(c1ccccc1COc1ccccc1C)C(=O)OC,1.1888,1.0845014565361817,1
CCCOc1nn(c(=O)n1C)C(=O)[N-]S(=O)(=O)c1ccccc1C(=O)OC.[Na+],1.1894,0.8239881300986028,1
OC(=O)Cc1cccc2c1cccc2,1.2057,0.2631460117991914,1
OCc1cc(N=Nc2ccc(c3c2cccc3)S(=O)(=O)O)c(c(c1O)N=Nc1ccc(c2c1cccc2)S(=O)(=O)O)O,1.2093,0.9453956798919527,1
C[N]1(C)CCCCC1,1.3134,1.1080940786579139,1
OC1CCC2(C(C1)CCC1C2CCC2(C1CCC2C(CCC(=O)O)C)C)C,1.3278,0.07542708343534506,1
COc1cc(OC)nc(n1)NC(=O)NS(=O)(=O)N(S(=O)(=O)C)C,1.3412,0.28167672766944896,1
Oc1ccc(c(c1)C(C)(C)C)O,1.3537,0.3585951109070325,1
COc1ncc(c2n1nc(n2)S(=O)(=O)Nc1c(F)cccc1F)F,1.3917,0.182692394567328,1
OCC1OC2OC3C(CO)OC(C(C3O)O)OC3C(CO)OC(C(C3O)O)OC3C(CO)OC(C(C3O)O)OC3C(OC(OC4C(OC(OC5C(OC(OC1C(C2O)O)C(O)C5O)CO)C(O)C4O)CO)C(O)C3O)CO,1.4097,2.86894354722703,1
O=C(Nc1cc(F)cc(c1)F)N/N=C(/c1ncccc1C(=O)O)\C,1.412,0.6222263909228765,1
CCCCOC(=O)c1ccccc1C(=O)OCc1ccccc1,1.5047,1.2476262846894939,1
Fc1cc2CCC(n3c2c(c1)c(=O)c(c3)C(=O)O)C,1.5311,0.22682314364423445,1
CC(N(c1c(cc(cc1N(=O)=O)C(F)(F)F)N(=O)=O)C(C)C)C,1.55095,0.049842003172590674,1
CCC(c1noc(c1)NC(=O)c1c(OC)cccc1OC)(CC)C,1.5855,0.48345555649061533,1
c1ccc(cc1)c1ccccc1,1.6212,0.19695607887005936,1
NCC(c1ccc(cc1)O)O,1.6321,0.6606348605926128,1
CCc1c(C(=O)O)c(=O)cnn1c1ccc(cc1)Cl,1.6865,0.1176637232985991,1
ClCC#CCOC(=O)Nc1cccc(c1)Cl,1.7435,0.3398943350894961,1
O/C(=C\1/C(=O)CC(CC1=O)C(=O)O)/C1CC1,1.7528,1.1164855772875812,1
CO/N=C(\c1ccccc1COc1ccccc1C)/C(=O)OC,1.7985,1.0088143490618942,1
COc1ccc(c(c1)OC)N,1.8018,1.1213631788509328,1
CCC(=O)C1=C([O-])CC(CC1=O)C(=O)[O-].[Ca+2],1.874,0.7779135467595814,1
CC(C1(C)N=C(NC1=O)c1ncccc1C(=O)O)C,1.9137,0.40905762233234644,1
OC(=O)COc1nc(F)c(c(c1Cl)N)Cl,1.9605,0.17778111806150118,1
Clc1ccc(cc1)Cl,2.0408,0.05668123713462514,1
CCCCOC(=O)c1ccccc1C(=O)OCCCC,2.1556,3.4207048541789407,1
c1ccc(cc1)c1ccccc1OCC1CO1,2.2097,0.35478700957419773,1
ClCC[N](C)(C)C,2.2428,0.6547382064094504,1
COc1cc(OC)n2c(n1)nc(n2)NS(=O)(=O)c1c(OC)nccc1C(F)(F)F,2.3023,0.06568205953408954,1
CC=Cc1ccc(cc1)OC,2.3212,0.9863861428098205,1
CC(OC(=O)Nc1cccc(c1)Cl)C,2.3402,0.27622277410511276,1
COC(=O)c1ccccc1O,2.3661,0.4928865612021886,1
CCOC(=O)C=C,2.4771,0.0902265031347979,1
COC(=O)CC(c1ccc(cc1)Cl)NC(=O)C(C(C)C)NC(=O)OC(C)C,2.507,0.12334128172020414,1
COc1nn(c(=O)n1C)C(=O)NS(=O)(=O)c1ccccc1OC(F)(F)F,2.5233,0.6316622264895095,1
C=Cc1ccccc1,2.7365,0.5364643979184449,1
COc1cc(OC)nc(n1)NC(=O)NS(=O)(=O)c1n2ccccc2nc1S(=O)(=O)CC,2.7557,0.2325225295230604,1
CC(=C)C(=O)O,2.8807,9.313199999999998,0.14285714285714285
CN(NC(=O)CCC(=O)O)C,3.0343,0.49949,0.13043478260869565
Oc1ccccc1c1ccccc1,3.1197,0.7853299391125398,1
Clc1cnc2c(c1)ccc(c2C(=O)O)Cl,3.1273,1.314162575581675,1
C[N+]1(C)CCCCC1.[Cl-],3.1805,0.37179235012225387,1
CCc1ccccc1,3.29205,0.12357812396843722,1
CC(c1ccccc1)C,3.2988999999999997,0.16550075538260078,1
Cc1cnc2c(c1)ccc(c2C(=O)O)Cl,3.3388,1.0514727923982707,1
CCCOC(=O)NCCCN(C)C,3.6119,0.7414484443986524,1
CCOP(=O)O,3.6347,0.043636364714084296,1
Oc1ccccc1,3.6552,0.7581555736232084,1
[O-]P(=O)OCC.[O-]P(=O)OCC.[O-]P(=O)OCC.[Al+3],3.6854,0.027507369804584878,1
CC1CCC(C(C1)O)C(C)C,3.7948,16.0029013919712,1
COc1ccc(cc1)N,3.8489,0.7567046658392361,1
CCCCC(COC(=O)CCCCC(=O)OCC(CCCC)CC)CC,4.0479,1.1516438052403521,1
CCCOC(=O)c1cc(O)c(c(c1)O)O,4.0716,1.36948925973691,1
CC(CCCC1(C)CCc2c(O1)c(C)c(c(c2C)OC(=O)C)C)CCCC(CCCC(C)C)C,4.2306,2.0012821457781538,1
COc1ccc(cc1N=Nc1c(O)c(cc2c1cccc2)C(=O)Nc1cccc(c1)N(=O)=O)N(=O)=O,4.3084,0.2518085528685041,1
Oc1ccc(nn1)O,4.4608,0.99911,0.1
S=c1sc2c([nH]1)cccc2,4.4843,0.07001826504802523,1
Clc1cc(N)c(c(n1)C(=O)O)Cl,4.8306,1.1577521052384814,1
CNC(=N[N](=O)[O])NCC1COCC1,4.9008,0.13016999999999998,0.12
COc1cc(OC)nc(n1)NC(=O)NS(=O)(=O)c1ncccc1C(=O)N(C)C,5.0877,0.22071260347039603,1
OC(=O)CNCP(=O)(O)O,5.5597,0.7008374592406026,0.16666666666666666
CCOc1ccc(cc1N)NC(=O)C,6.101,0.21020718396302843,1
Nc1ccc(cc1)O,6.2863,0.8638880213771946,1
NC(=S)NNC(=S)N,6.3038,0.009103354136383681,1
NC(=O)c1cnccn1,6.4088,0.08617861868365052,1
OC(=O)c1ccc(cc1N)N(=O)=O,6.5062,0.18151132215622945,1
Oc1cc(O)c2c(c1)oc(c(c2=O)O)c1ccc(c(c1)O)O,6.7298,0.779643201282797,1
ClCC(=O)c1ccc(cc1)NC(=O)C,7.4653,0.13907779981592758,1
O=C1OC(=O)c2c1cccc2,8.0005,0.9639909247662849,1
CCCOC(=O)c1ccc(cc1)O,8.3241,3.6389420029079838,1
CCOC(=O)COC(=O)c1ccccc1C(=O)OCC,8.9199,0.3553695017839142,1
O=C1CCCCC1,9.2722,0.2458123214419957,1
OC(=O)C=CC(=O)O,9.3132,2.8807000000000005,0.14285714285714285
COC(=O)c1ccc(cc1)O,9.8589,1.0578304662732887,1
COC(=O)c1ccccc1C(=O)OC,10.3,0.8954401948549734,1
OC1C2C(N(C)C)C(=O)C(=C(O)N)C(=O)C2(O)C(=O)C2=C(O)c3c(C(C12)(C)O)c(Cl)ccc3O,10.508,0.33751000000000003,0.6216216216216216
OCC(C1OC(=O)C(=C1O)O)O,13.07315,9.16523469965696,1
OCCO,14.822,5.394518090354487,1
CCCCCCCCCCCCCCCCCC(=O)OCC(C1OCC(C1O)O)O,16.727,32.41761573263369,1
[O-]S(=O)(=O)NC1CCCCC1.[Na+],17.901,0.18626027910642426,1
O=C1NS(=O)(=O)c2c1cccc2,19.663,0.20088345882784658,1
CCCCCCCCCCCC(=O)OCC(C1OCC(C1O)O)O,19.867,19.05448419710287,1
CCOC(=O)c1ccccc1C(=O)OCC,19.956,0.6492927199585653,1
OC(=O)c1ccccc1N,20.06,0.33773737981612734,1
OCC(CO)O,74.739,1.2359643227930828,1
