SMILES,LOAEL,Dataset
ClC12C3C4(C(C1(Cl)Cl)(C1(C2(C3(Cl)C(C41Cl)(Cl)Cl)Cl)Cl)Cl)Cl,1.9566e-05,mazzatorta
ClC1=C(Cl)C2(C(C1(Cl)C1C2C2CC1C=C2)(Cl)Cl)Cl,2.7404e-05,mazzatorta
ClC1C2OC2C2C1C1(Cl)C(=C(C2(C1(Cl)Cl)Cl)Cl)Cl,6.4215e-05,mazzatorta
ClC1=C(Cl)C2(C(C1(Cl)C1C2C2CC1C1C2O1)(Cl)Cl)Cl,0.00013126,mazzatorta
N#Cc1nn(c(c1S(=O)C(F)(F)F)N)c1c(Cl)cc(cc1Cl)C(F)(F)F,0.00013497,swiss
N#Cc1nn(c(c1S(=O)C(F)(F)F)N)c1c(Cl)cc(cc1Cl)C(F)(F)F,0.00013725,mazzatorta
CCSCCSP(=S)(OCC)OCC,0.00014577,mazzatorta
CCOP(=S)(SCSC(C)(C)C)OCC,0.00017335,mazzatorta
Clc1ccc2c(c1)[n+]([O-])nc(n2)n1cncc1,0.00020191,swiss
CCOP(=S)(SCSC(C)(C)C)OCC,0.00020802,mazzatorta
ClC1=C(Cl)C2(C(C1(Cl)C1C2C2CC1C1C2O1)(Cl)Cl)Cl,0.00026253,mazzatorta
OC(=O)C(Oc1ccc(cc1)Oc1ncc(cc1Cl)C(F)(F)F)C,0.00027647,"mazzatorta, swiss"
ClC1=C(Cl)C2(C(C1(Cl)C1C2C2CC1C1C2O1)(Cl)Cl)Cl,0.00032816,mazzatorta
CCOP(=S)(SCSC(C)(C)C)OCC,0.0003467,swiss
CCSCCSP(=S)(OCC)OCC,0.00036443,mazzatorta
ClC1C2OC2C2C1C1(Cl)C(=C(C2(C1(Cl)Cl)Cl)Cl)Cl,0.00051372,mazzatorta
CNC(=O)ON=CC(SC)(C)C,0.00052559,mazzatorta
COC(=O)C(Oc1ccc(cc1)Oc1ccc(cc1Cl)Cl)C,0.00058619,swiss
ClC1CC2C(C1Cl)C1(C(C2(Cl)C(=C1Cl)Cl)(Cl)Cl)Cl,0.00061009,mazzatorta
CCSCSP(=S)(OCC)OCC,0.00061449,"mazzatorta, swiss"
OC1CCCCCc2cc(O)cc(c2C(=O)OC(CCC1)C)O,0.00062036,mazzatorta
ClC1=C(Cl)C2(C(C1(Cl)C1C2C2CC1C1C2O1)(Cl)Cl)Cl,0.00065632,mazzatorta
ClC1CC2C(C1Cl)C1(C(C2(Cl)C(=C1Cl)Cl)(Cl)Cl)Cl,0.00065889,mazzatorta
ClC1C=CC2C1C1(Cl)C(=C(C2(C1(Cl)Cl)Cl)Cl)Cl,0.00066967,mazzatorta
ClC(C(c1ccc(cc1)Cl)c1ccc(cc1)Cl)(Cl)Cl,0.00070525,mazzatorta
COP(=O)(SC)N,0.00070857,mazzatorta
CSc1ccc(cc1C)OP(=S)(OC)OC,0.00071858,swiss
CCSCCSP(=S)(OCC)OCC,0.00080174,mazzatorta
CCOP(=O)(SC(CC)C)SC(CC)C,0.00082103,swiss
c1ccc(cc1)[Sn](c1ccccc1)c1ccccc1,0.00085711,mazzatorta
CNC(=O)CSP(=S)(OC)OC,0.00087238,swiss
CCS(=O)CCSP(=O)(OC)OC,0.00089328,swiss
CCOP(=O)(SC(CC)C)SC(CC)C,0.00092458,mazzatorta
COP(=S)(Oc1ccc(cc1)N(=O)=O)OC,0.00094982,mazzatorta
OC(=O)c1ccccc1.CCC(C1OC2(C=CC1C)OC1CC=C(C)C(OC3CC(OC)C(C(O3)C)OC3CC(OC)C(C(O3)C)NC)C(C)C=CC=C3C4(C(C(=O)OC(C2)C1)C=C(C)C(C4OC3)O)O)C,0.00099183,swiss
ClC1C=CC2C1C1(Cl)C(=C(C2(C1(Cl)Cl)Cl)Cl)Cl,0.0010179,mazzatorta
Clc1c(Cl)c(Cl)c(c(c1Cl)Cl)Cl,0.0010183,mazzatorta
CNC(=O)CSP(=S)(OC)OC,0.0010905,mazzatorta
COC1CC(OC2C(C)C=CC=C3COC4C3(O)C(C=C(C4O)C)C(=O)OC3CC(CC=C2C)OC2(C3)C=CC(C(O2)C(C)C)C)OC(C1OC1CC(OC)C(C(O1)C)NC(=O)C)C,0.001111,mazzatorta
COP(=S)(SCn1nnc2c(c1=O)cccc2)OC,0.0011345,mazzatorta
COP(=O)(SCCS(=O)(=O)CC)OC,0.0011438,swiss
COC1CC(OC2C(C)C=CC=C3COC4C3(O)C(C=C(C4O)C)C(=O)OC3CC(CC=C2C)OC2(C3)C=CC(C(O2)C(CC)C)C)OC(C1OC1CC(OC)C(C(O1)C)O)C.COC1CC(OC(C1OC1CC(OC)C(C(O1)C)O)C)OC1C(C)C=CC=C2COC3C2(O)C(C=C(C3O)C)C(=O)OC2CC(CC=C1C)OC1(C2)C=CC(C(O1)C(C)C)C,0.0011546,swiss
O=C1CCCC(=O)C1C(=O)c1ccc(cc1Cl)S(=O)(=O)C,0.0012167,swiss
ClC1CC2C(C1Cl)C1(C(C2(Cl)C(=C1Cl)Cl)(Cl)Cl)Cl,0.0012202,mazzatorta
ClC12C(Cl)(Cl)C3(C4(C1(Cl)C1(C2(Cl)C3(C4(C1(Cl)Cl)Cl)Cl)Cl)Cl)Cl,0.0012831,mazzatorta
CCOP(=O)(N1CCSC1=O)SC(CC)C,0.0013411,swiss
O=C1CCCC(=O)C1C(=O)c1ccc(cc1[N+](=O)[O-])S(=O)(=O)C,0.0014146,swiss
CCOP(=S)(Oc1ccc(cc1)N(=O)=O)OCC,0.001442,mazzatorta
CCOP(=S)(Oc1ccccc1C(=O)OC(C)C)NC(C)C,0.0014476,mazzatorta
CCOP(=O)(Oc1ccc(c(c1)C)SC)NC(C)C,0.0015164,swiss
CCSCCSP(=O)(OC)OC,0.0015199,swiss
CCOc1cc(nc(n1)CC)OP(=S)(OC)OC,0.0015396,mazzatorta
COC(=O)C=C(OP(=O)(OC)OC)C,0.0015615,mazzatorta
COC(=O)/C=C(/OP(=O)(OC)OC)\C,0.0015615,swiss
CSc1ccc(cc1C)OP(=S)(OC)OC,0.0016168,mazzatorta
COP(=S)(Oc1ccc(c(c1)C)[N+](=O)[O-])OC,0.0016592,mazzatorta
C1CCC(CC1)[Sn](n1ncnc1)(C1CCCCC1)C1CCCCC1,0.001811,swiss
ClC1C2(Cl)C3C4C5C1(Cl)C(C2(Cl)C5C3C1C4O1)(Cl)Cl,0.0018377,mazzatorta
CNC(=O)CCSCCSP(=O)(OC)OC,0.0018793,mazzatorta
COP(=S)(Oc1ccc(cc1)[N+](=O)[O-])OC,0.0018996,swiss
N#CC(c1cccc(c1)Oc1ccccc1)OC(=O)[C@H](C(C)C)Nc1ccc(cc1Cl)C(F)(F)F,0.0019884,swiss
CNC(=O)C=C(OP(=O)(OC)OC)C,0.0020165,mazzatorta
COP(=O)(SC)N,0.0020549,"mazzatorta, swiss"
CCCSP(=O)(SCCC)OCC,0.0020632,swiss
COP(=S)(Oc1ccc(cc1)[N+](=O)[O-])OC,0.0020896,swiss
COc1sc(=O)n(n1)CSP(=S)(OC)OC,0.0021169,swiss
CCOP(=S)(Oc1ccc2c(c1)oc(=O)c(c2C)Cl)OCC,0.0022053,mazzatorta
S=C1NCCN1,0.0022514,mazzatorta
CO[C@H]1C[C@H](O[C@H]2[C@@H](C)C=CC=C3CO[C@H]4[C@]3(O)[C@@H](C=C([C@H]4O)C)C(=O)O[C@H]3C[C@@H](CC=C2C)O[C@]2(C3)C=C[C@@H]([C@H](O2)[C@H](CC)C)C)O[C@H]([C@@H]1O[C@H]1C[C@H](OC)[C@H]([C@@H](O1)C)O)C,0.0022907,mazzatorta
O=C1CCCC(=O)C1C(=O)c1ccc(c(c1Cl)COCC(F)(F)F)S(=O)(=O)C,0.0023819,swiss
S=C1NCCN1,0.0024472,mazzatorta
OC(=O)c1ccccc1.CCC(C1OC2(C=CC1C)OC1CC=C(C)C(OC3CC(OC)C(C(O3)C)OC3CC(OC)C(C(O3)C)NC)C(C)C=CC=C3C4(C(C(=O)OC(C2)C1)C=C(C)C(C4OC3)O)O)C,0.0024796,swiss
CSc1ccc(cc1C)OP(=S)(OC)OC,0.0025869,"mazzatorta, swiss"
O[Sn](C1CCCCC1)(C1CCCCC1)C1CCCCC1,0.0025963,swiss
COc1sc(=O)n(n1)CSP(=S)(OC)OC,0.0026461,mazzatorta
COC(=O)C(Oc1ccc(cc1)Oc1ncc(cc1Cl)C(F)(F)F)C,0.0026615,mazzatorta
COC1CC(OC2C(C)C=CC=C3COC4C3(O)C(C=C(C4O)C)C(=O)OC3CC(CC=C2C)OC2(C3)C=CC(C(O2)C(C)C)C)OC(C1OC1CC(OC)C(C(O1)C)NC(=O)C)C,0.0027775,mazzatorta
CCOP(=S)(Oc1nc(Cl)c(cc1Cl)Cl)OCC,0.0028524,"mazzatorta, swiss"
CCOP(=S)(OCC)SCSc1ccc(cc1)Cl,0.0029166,mazzatorta
C1CCN2C(C1)C1CCCCN1CC2,0.0029334,mazzatorta
C1CCN2C(C1)C1CCCCN1CC2,0.0029848,mazzatorta
COP(=S)(Oc1nc(Cl)c(cc1Cl)Cl)OC,0.0031005,swiss
Fc1ccc(cc1)N(C(=O)COc1nnc(s1)C(F)(F)F)C(C)C,0.0033028,swiss
CCOP(=S)(Oc1ccc2c(c1)oc(=O)c(c2C)Cl)OCC,0.0033631,swiss
CNC(=O)Oc1cccc2c1OC(O2)(C)C,0.0035838,swiss
O[Sn](C1CCCCC1)(C1CCCCC1)C1CCCCC1,0.0036089,swiss
OC(=O)COc1nc(Cl)c(cc1Cl)Cl,0.0038991,swiss
CCc1nn(c(c1Cl)C(=O)NCc1ccc(cc1)Oc1ccc(cc1)C)C,0.0039076,swiss
CCCCSP(=O)(SCCCC)SCCCC,0.0039744,mazzatorta
COc1sc(=O)n(n1)CSP(=S)(OC)OC,0.0041345,mazzatorta
CCOP(=S)(Oc1ncn(n1)c1ccccc1)OCC,0.0041492,"mazzatorta, swiss"
CCOP(=O)(OC(=CCl)c1ccc(cc1Cl)Cl)OCC,0.0041717,mazzatorta
CCOP(=O)(O/C(=C/Cl)/c1ccc(cc1Cl)Cl)OCC,0.0041717,swiss
Clc1nc(nc(n1)Cl)Nc1ccccc1Cl,0.0041739,mazzatorta
Clc1cccc(n1)C(Cl)(Cl)Cl,0.0043308,mazzatorta
N#CC(c1cccc(c1)Oc1ccccc1)OC(=O)C1C(C1(C)C)C(C(Br)(Br)Br)Br,0.0045112,mazzatorta
CCOP(=S)(OCC)SCSP(=S)(OCC)OCC,0.0046817,swiss
CCOP(=S)(Oc1ccc2c(c1)oc(=O)c(c2C)Cl)OCC,0.0046862,mazzatorta
N#CC(c1ccc(c(c1)Oc1ccccc1)F)OC(=O)C1C(C1(C)C)/C=C(/c1ccc(cc1)Cl)\Cl,0.0048983,swiss
CCOP(=S)(Oc1cc(C)nc(n1)C(C)C)OCC,0.0049286,mazzatorta
CCOP(=O)(Oc1ccc(c(c1)C)SC)NC(C)C,0.0049447,mazzatorta
N#CC(c1cccc(c1)Oc1ccccc1)OC(=O)C1C(C1(C)C)C=C(Br)Br,0.0049485,"mazzatorta, swiss"
N#CC(c1cccc(c1)Oc1ccccc1)OC(=O)C(C(C)C)Nc1ccc(cc1Cl)C(F)(F)F,0.004971,mazzatorta
CCN(C(=O)C(=C(OP(=O)(OC)OC)C)Cl)CC,0.0050052,mazzatorta
CCNc1nc(nc(n1)Cl)NC(C#N)(C)C,0.0051933,mazzatorta
CCOP(=S)(OCC)SCSP(=S)(OCC)OCC,0.0052019,mazzatorta
COP(=O)(OC(C(Br)(Cl)Cl)Br)OC,0.0052523,mazzatorta
CNC(=O)Oc1cccc2c1OC(C2)(C)C,0.0052881,swiss
COc1sc(=O)n(n1)CSP(=S)(OC)OC,0.0052922,mazzatorta
CCNc1nc(Cl)nc(n1)NC(C)(C)C,0.0053981,swiss
CCOP(=S)(SCn1c(=O)oc2c1ccc(c2)Cl)OCC,0.0054376,mazzatorta
CCOP(=S)(Oc1ccc(cc1)[N+](=O)[O-])OCC,0.0054934,swiss
CC(Cc1ccc(cc1)C(C)(C)C)CN1CC(C)OC(C1)C,0.0056016,"mazzatorta, swiss"
CCOP(=O)(Oc1ccc(c(c1)C)SC)NC(C)C,0.005604,"mazzatorta, swiss"
COP(=S)(SCN1C(=O)c2c(C1=O)cccc2)OC,0.0056725,swiss
COc1sc(=O)n(n1)CSP(=S)(OC)OC,0.0056891,swiss
OC(C(Cl)(Cl)Cl)(c1ccc(cc1)Cl)c1ccc(cc1)Cl,0.0059382,swiss
Clc1ccc(cc1)C(c1ccccc1Cl)(c1cncnc1)O,0.0060387,swiss
ClC([N+](=O)[O-])(Cl)Cl,0.0060836,swiss
Fc1ccc(cc1)[Si](c1ccc(cc1)F)(Cn1cncn1)C,0.0063413,mazzatorta
COC(=O)Nc1nc2c([nH]1)cc(cc2)S(=O)c1ccccc1,0.0063422,mazzatorta
ClCC(N1C(=O)c2c(C1=O)cccc2)SP(=S)(OCC)OCC,0.0063477,mazzatorta
COP(=O)(SC)N,0.0063771,mazzatorta
CCP(=S)(Sc1ccccc1)OCC,0.0064142,mazzatorta
COc1sc(=O)n(n1)CSP(=S)(OC)OC,0.0066153,mazzatorta
OC(C(Cl)(Cl)Cl)(c1ccc(cc1)Cl)c1ccc(cc1)Cl,0.0067479,mazzatorta
CNC(=O)Oc1cc(C)c(c(c1)C)N(C)C,0.0067481,mazzatorta
O=N(=O)N1CN(CN(C1)N(=O)=O)N(=O)=O,0.0067532,mazzatorta
COC(=O)N(C(=O)N1COC2(C(=N1)c1ccc(cc1C2)Cl)C(=O)OC)c1ccc(cc1)OC(F)(F)F,0.0068203,"mazzatorta, swiss"
CCN(c1nc(cc(n1)C)OP(=S)(OC)OC)CC,0.0068777,swiss
CCNc1nc(Cl)nc(n1)NC(C)(C)C,0.0069218,swiss
CCOP(=S)(SCSC(C)(C)C)OCC,0.0069341,mazzatorta
Clc1ccc(cc1)C(c1ccccc1Cl)(c1cncnc1)O,0.0069445,mazzatorta
COP(=S)(SCn1nnc2c(c1=O)cccc2)OC,0.0070905,mazzatorta
Cc1nn(c(c1/C=N/OCc1ccc(cc1)C(=O)OC(C)(C)C)Oc1ccccc1)C,0.0071176,swiss
O=S1OCC2C(CO1)C1(C(C2(Cl)C(=C1Cl)Cl)(Cl)Cl)Cl,0.0071266,"mazzatorta, swiss"
O=C(N(C)C)Nc1ccc(c(c1)Cl)Cl,0.0072932,swiss
Cc1nn(c(c1C=NOCc1ccc(cc1)C(=O)OC(C)(C)C)Oc1ccccc1)C,0.0073074,mazzatorta
CCNc1nc(Cl)nc(n1)NC(C)(C)C,0.0074006,swiss
Clc1ccc(cc1)C(c1ccccc1Cl)(c1cncnc1)O,0.0075484,swiss
Fc1ccc(cc1)[Si](c1ccc(cc1)F)Cn1cncn1,0.0076575,mazzatorta
CCCCOC(=O)C(Oc1ccc(cc1)Oc1ccc(cn1)C(F)(F)F)C,0.0078255,mazzatorta
Fc1ccc(cc1)C(c1ccccc1Cl)(c1cncnc1)O,0.007943,mazzatorta
N#Cc1nn(c(c1S(=O)CC)N)c1c(Cl)cc(cc1Cl)C(F)(F)F,0.0080563,swiss
COP(=S)(SCn1nnc2c(c1=O)cccc2)OC,0.0081305,mazzatorta
CN(C(=S)S[Zn]SC(=S)N(C)C)C,0.0081749,swiss
CCN(c1nc(cc(n1)C)OP(=S)(OC)OC)CC,0.0081878,mazzatorta
Clc1cc(cnc1Nc1c(cc(c(c1[N+](=O)[O-])Cl)C(F)(F)F)[N+](=O)[O-])C(F)(F)F,0.0082134,swiss
Clc1ccc(cc1)OS(=O)(=O)c1ccc(cc1)Cl,0.0082464,mazzatorta
Clc1cc(cnc1Nc1c(cc(c(c1[N+](=O)[O-])Cl)C(F)(F)F)[N+](=O)[O-])C(F)(F)F,0.0083854,swiss
COP(=S)(SCn1nnc2c(c1=O)cccc2)OC,0.0085086,swiss
CCOP(=S)(Oc1ccc(cc1)[N+](=O)[O-])OCC,0.0085834,swiss
[O-][N+](=O)c1cc([N+](=O)[O-])c(c(c1)[N+](=O)[O-])C,0.0088055,mazzatorta
CSC(=O)c1c(nc(c(c1CC(C)C)C(=O)SC)C(F)(F)F)C(F)F,0.009043,mazzatorta
Clc1ccc(c(c1)Cl)C(Cn1cncn1)COC(C(F)F)(F)F,0.0091362,swiss
CCCN(C(=O)SCc1ccccc1)CCC,0.0091492,swiss
COCN(c1c(CC)cccc1CC)C(=O)CCl,0.0092673,swiss
COP(=S)(Oc1nc(Cl)c(cc1Cl)Cl)OC,0.0093014,mazzatorta
CON(C(=O)Nc1ccc(cc1)Cl)C,0.0093175,swiss
C=CC1(C)OC(=O)N(C1=O)c1cc(Cl)cc(c1)Cl,0.0094369,swiss
COP(=S)(Oc1ccc(cc1)[N+](=O)[O-])OC,0.0094982,swiss
CCCCOC(=O)C(Oc1ccc(cc1)Oc1ccc(cc1F)C#N)C,0.0096257,swiss
COP(=O)(OC=C(Cl)Cl)OC,0.0097296,mazzatorta
CCCCOC(=O)C(Oc1ccc(cc1)Oc1ccc(cn1)C(F)(F)F)C,0.0098862,swiss
N#C/N=C\1/SCCN1Cc1ccc(nc1)Cl,0.0098922,swiss
Cc1c(ccc(c1C1=NOCC1)S(=O)(=O)C)C(=O)c1cnn(c1O)C,0.0099068,swiss
CC1(C)CNC(=NC1)NN=C(C=Cc1ccc(cc1)C(F)(F)F)C=Cc1ccc(cc1)C(F)(F)F,0.0099095,swiss
CCOC(=O)C(Oc1ccc(cc1)Oc1cnc2c(n1)ccc(c2)Cl)C,0.0099248,mazzatorta
c1scc(n1)c1nc2c([nH]1)cccc2,0.009938,mazzatorta
OCC(CCl)O,0.0099512,swiss
CON(C(=O)Nc1ccc(c(c1)Cl)Cl)C,0.010036,mazzatorta
CCCSP(=O)(SCCC)OCC,0.010069,swiss
FC(c1ccc(cc1)C=CC(=NN=C1NCC(CN1)(C)C)C=Cc1ccc(cc1)C(F)(F)F)(F)F,0.010112,mazzatorta
COP(=O)(OC=C(Cl)Cl)OC,0.010408,"mazzatorta, swiss"
CC(Oc1cc(c(cc1Cl)Cl)n1nc(oc1=O)C(C)(C)C)C,0.010428,swiss
CCOC(=O)Nc1cccc(c1)OC(=O)Nc1ccccc1,0.010656,swiss
CCSC(=O)N1CCCCCC1,0.010678,mazzatorta
N#CC(c1cccc(c1)Oc1ccccc1)OC(=O)C1C(C1(C)C)C=C(Br)Br,0.010689,swiss
CCOC(=O)c1cn2nc(cc2nc1C)OP(=S)(OCC)OCC,0.010713,"mazzatorta, swiss"
Clc1ccc(cc1)C(c1ccccc1Cl)(c1cncnc1)O,0.01087,swiss
O=C(C1C(C1(C)C)C=C(C(F)(F)F)Cl)OCc1c(F)c(F)c(c(c1F)F)C,0.010986,mazzatorta
CCCSP(=O)(SCCC)OCC,0.011141,mazzatorta
O=C(C(Oc1ccc(cc1)Oc1cnc2c(n1)ccc(c2)Cl)C)OCCON=C(C)C,0.011264,swiss
Clc1cc(ccc1Oc1ccc(c(c1)C(=O)NS(=O)(=O)C)[N+](=O)[O-])C(F)(F)F,0.011396,swiss
O=C(C1C(C1(C)C)C=C(C(F)(F)F)Cl)OCc1cccc(c1C)c1ccccc1,0.011824,mazzatorta
O=C(C1C(C1(C)C)C=C(C(F)(F)F)Cl)OCc1cccc(c1C)c1ccccc1,0.011824,mazzatorta
CCOP(=S)(Oc1ccc(cc1)N(=O)=O)OCC,0.012017,mazzatorta
S=C1NCCN1,0.012236,mazzatorta
O=S1OCC2C(CO1)C1(C(C2(Cl)C(=C1Cl)Cl)(Cl)Cl)Cl,0.012287,swiss
Clc1cc(Cl)c(c(c1O)Cc1c(O)c(Cl)cc(c1Cl)Cl)Cl,0.012288,mazzatorta
N#Cc1c(Cl)c(C#N)c(c(c1Cl)Cl)Cl,0.01241,swiss
COP(=S)(SCN1C(=O)c2c(C1=O)cccc2)OC,0.012606,swiss
Clc1ccc(c(c1)Cl)n1c(nc2c(c1=O)cc(cc2)F)n1cncn1,0.01268,swiss
CCC1CCCC(OC2CCC(C(O2)C)N(C)C)C(C)C(=O)C2=CC3C(C2CC(=O)O1)C=C(C)C1C3CC(C1)OC1OC(C)C(C(C1OC)OC)OC,0.012735,swiss
CC1C=CC=C2COC3C2(O)C(C=C(C3O)C)C(=O)OC2CC(CC=C(C1)C)OC1(C2)CCC(C(O1)C)C,0.012862,swiss
COc1ccc(cc1NNC(=O)OC(C)C)c1ccccc1,0.012985,swiss
CN1CCC(CC1)C1CCN(CC1)C,0.012988,mazzatorta
N#CC(c1cccc(c1)Oc1ccccc1)OC(=O)C(c1ccc(cc1)OC(F)F)C(C)C,0.01329,mazzatorta
CSc1ccc(cc1C)OP(=S)(OC)OC,0.013473,mazzatorta
CCCN(C(=O)n1cncc1)CCOc1c(Cl)cc(cc1Cl)Cl,0.01354,mazzatorta
COP(=O)(NC(=O)C)SC,0.013649,"mazzatorta, swiss"
C[n+]1ccc(cc1)c1cc[n+](cc1)C,0.013691,swiss
O=c1c(Cl)c(SCc2ccc(cc2)C(C)(C)C)cnn1C(C)(C)C,0.013701,swiss
CNP(=O)(Oc1ccc(cc1Cl)C(C)(C)C)OC,0.013712,mazzatorta
ClC1C(Cl)C(Cl)C(C(C1Cl)Cl)Cl,0.013754,mazzatorta
N#CC(c1ccc(c(c1)Oc1ccccc1)F)OC(=O)C1C(C1(C)C)C=C(Cl)Cl,0.013816,mazzatorta
NC1=C(Cl)C(=O)c2c(C1=O)cccc2,0.01392,swiss
CCN(C(=O)SCC)C1CCCCC1,0.01393,mazzatorta
O=C(C1C(C1(C)C)/C=C(/C(F)(F)F)\Cl)OCc1c(F)c(F)c(c(c1F)F)C,0.01409,swiss
CS/C(=N/OC(=O)N(SN(C(=O)O/N=C(/SC)\C)C)C)/C,0.014106,swiss
CC(c1ccccc1)(C[Sn](O[Sn](CC(c1ccccc1)(C)C)(CC(c1ccccc1)(C)C)CC(c1ccccc1)(C)C)(CC(c1ccccc1)(C)C)CC(c1ccccc1)(C)C)C,0.01425,swiss
CON(C(=O)Nc1ccc(cc1)Br)C,0.014357,swiss
CCNc1nc(NC(C)C)nc(n1)Cl,0.014373,swiss
CCCN(c1c(cc(cc1[N+](=O)[O-])C(F)(F)F)[N+](=O)[O-])CC1CC1,0.014397,mazzatorta
CC(Oc1cc(c(cc1Cl)Cl)n1nc(oc1=O)C(C)(C)C)C,0.014483,mazzatorta
N#Cc1c(Cl)cccc1Cl,0.014534,mazzatorta
ClC1CC2C(C1Cl)C1(C(C2(Cl)C(=C1Cl)Cl)(Cl)Cl)Cl,0.014642,mazzatorta
CC(c1ccc(cc1)CCOc1ncnc2c1cccc2)(C)C,0.014687,swiss
CCCCC(c1ccc(cc1Cl)Cl)(Cn1cncn1)O,0.014958,mazzatorta
N#CC(c1ccc(cc1)Oc1ccccc1)OC(=O)C1C(C1(C)C)/C=C\C(=O)OC(C(F)(F)F)C(F)(F)F,0.01496,swiss
N#Cc1c(Cl)c(C#N)c(c(c1Cl)Cl)Cl,0.015043,mazzatorta
N#CC(c1cc(C)c(cc1Cl)NC(=O)c1cc(I)cc(c1O)I)c1ccc(cc1)Cl,0.015081,mazzatorta
Clc1cc(cnc1CCNC(=O)c1ccccc1C(F)(F)F)C(F)(F)F,0.015124,swiss
Fc1ccc(cc1)C1(Cn2cncn2)OC1c1ccccc1Cl,0.015163,swiss
N#CN=S(=O)(C(c1ccc(nc1)C(F)(F)F)C)C,0.015292,swiss
CC(C1C2CCC1c1c2cccc1NC(=O)c1cn(nc1C(F)F)C)C,0.015303,swiss
O[Sn](C1CCCCC1)(C1CCCCC1)C1CCCCC1,0.015578,swiss
c1cc[n+]2c(c1)c1cccc[n+]1CC2,0.015795,swiss
ClC1C(Cl)C(Cl)C(C(C1Cl)Cl)Cl,0.015817,mazzatorta
Fc1ccc(cc1)[Si](c1ccc(cc1)F)(Cn1cncn1)C,0.015853,swiss
ClCC1CN(C(=O)C1Cl)c1cccc(c1)C(F)(F)F,0.01602,mazzatorta
CCCCN(c1c(cc(cc1[N+](=O)[O-])C(F)(F)F)[N+](=O)[O-])CC,0.016106,swiss
ClC1C(Cl)C(Cl)C(C(C1Cl)Cl)Cl,0.016161,"mazzatorta, swiss"
CCOP(=S)(Oc1cc(C)nc(n1)C(C)C)OCC,0.016429,swiss
CCN(C(=O)SCc1ccc(cc1)Cl)CC,0.016681,swiss
CCOP(=S)(Oc1nc(Cl)c(cc1Cl)Cl)OCC,0.017114,swiss
BrC1COC(C1)(Cn1cncn1)c1ccc(cc1Cl)Cl,0.017185,"mazzatorta, swiss"
ClC1C(Cl)C(Cl)C(C(C1Cl)Cl)Cl,0.017192,mazzatorta
CC(NC(=S)[S])CNC(=S)S[Zn],0.017255,swiss
CC(NC(=S)[S])CNC(=S)S[Zn],0.017255,swiss
N#CC(c1ccc(c(c1)Oc1ccccc1)F)OC(=O)C1C(C1(C)C)C=C(Cl)Cl,0.01727,mazzatorta
COCC(N(c1c(C)csc1C)C(=O)CCl)C,0.018129,swiss
Fc1ccc(cc1)C1(Cn2cncn2)OC1c1ccccc1Cl,0.018195,swiss
N#Cc1c(Cl)cccc1Cl,0.018603,swiss
O=C(C1C(C1(C)C)C=C(C(F)(F)F)Cl)OCc1cccc(c1C)c1ccccc1,0.018918,mazzatorta
CCOP(=S)(Oc1cc(C)nc(n1)C(C)C)OCC,0.019057,mazzatorta
CN1CCC(CC1)C1CCN(CC1)C,0.0191,mazzatorta
CNC(=O)ON=C(C(=O)N(C)C)SC,0.01911,swiss
OC(=O)C(CCP(=O)(O)C)N,0.019323,mazzatorta
CCN(C(=O)SCc1ccc(cc1)Cl)CC,0.019396,mazzatorta
CCc1nn(c(c1Cl)C(=O)NCc1ccc(cc1)C(C)(C)C)C,0.019469,swiss
CCO/N=C(\C1=C(O)CC(CC1=O)C1CCCSC1)/CCC,0.019664,swiss
CCCN(C(=O)n1cncc1)CCOc1c(Cl)cc(cc1Cl)Cl,0.019912,mazzatorta
OC(=O)COc1ccc(cc1C)Cl,0.019938,mazzatorta
C[n+]1ccc(cc1)c1cc[n+](cc1)C,0.020134,swiss
CCOc1snc(n1)C(Cl)(Cl)Cl,0.0202,swiss
N#Cc1sc2=c(sc1C#N)c(=O)c1c(c2=O)cccc1,0.020248,"mazzatorta, swiss"
CCP(=S)(Sc1ccccc1)OCC,0.020298,mazzatorta
ClC=C,0.020801,mazzatorta
c1cc[n+]2c(c1)c1cccc[n+]1CC2,0.021168,swiss
Clc1cccc(c1)c1ccccc1,0.021203,mazzatorta
CNC(=O)CSP(=S)(OC)OC,0.02181,mazzatorta
CN1CN(C)CSC1=S,0.022184,swiss
CNC(=O)ON=C(C(=O)N(C)C)SC,0.022348,swiss
O=C(NC(=O)c1c(F)cccc1F)Nc1ccc(cc1)Cl,0.022531,mazzatorta
CNC(=O)Oc1cccc2c1OC(C2)(C)C,0.022599,"mazzatorta, swiss"
OC(=O)COc1ccc(cc1Cl)Cl,0.022621,"mazzatorta, swiss"
CN(C(=S)SSC(=S)N(C)C)C,0.022751,mazzatorta
CSC1=NC(C(=O)N1Nc1ccccc1)(C)c1ccccc1,0.0228,swiss
CNC(=O)ON=C(C(=O)N(C)C)SC,0.022804,mazzatorta
COC(=O)N(c1ccccc1COc1ccn(n1)c1ccc(cc1)Cl)OC,0.023207,"mazzatorta, swiss"
CCCCCCCCCCCCC1=C(OC(=O)C)C(=O)c2c(C1=O)cccc2,0.023407,swiss
OC(COc1cccc2c1c1ccccc1[nH]2)CNC(C)C,0.02346,mazzatorta
O=C(NC(=O)c1ccccc1Cl)Nc1ccc(cc1)OC(F)(F)F,0.023557,swiss
CCNc1nc(NCC)nc(n1)Cl,0.024795,mazzatorta
CCOC(=O)C(Oc1ccc(cc1)Oc1nc2c(o1)cc(cc2)Cl)C,0.024877,mazzatorta
CON(C(=O)Nc1ccc(c(c1)Cl)Cl)C,0.025091,"mazzatorta, swiss"
O=C(NC(=O)c1c(F)cccc1F)Nc1ccc(cc1)Cl,0.025106,mazzatorta
OC(=O)C(Oc1ccc(cc1C)Cl)C,0.025624,swiss
Clc1ccccc1CC(C1(Cl)CC1)(Cn1cncn1)O,0.025625,swiss
O=C(N(C)C)Nc1ccc(c(c1)Cl)Cl,0.025741,mazzatorta
O=C(NC(=O)c1c(F)cccc1F)Nc1ccc(cc1)Cl,0.02575,mazzatorta
CCNc1nc(NCC)nc(n1)Cl,0.026282,mazzatorta
CC(OC(=O)C(c1ccc(cc1)Cl)(c1ccc(cc1)Cl)O)C,0.026532,mazzatorta
N#CC(c1cccc(c1)Oc1ccccc1)OC(=O)C1C(C1(C)C)/C=C(/C(F)(F)F)\Cl,0.026676,swiss
CCOC(=O)CCN(C(C)C)SN(C(=O)Oc1cccc2c1OC(C2)(C)C)C,0.026795,swiss
O=C(N(C)C)Nc1ccc(c(c1)Cl)Cl,0.026813,mazzatorta
O=C(C1C(C1(C)C)C=C(Cl)Cl)OCc1c(F)c(F)cc(c1F)F,0.026943,swiss
O=S1OCC2C(CO1)C1(C(C2(Cl)C(=C1Cl)Cl)(Cl)Cl)Cl,0.027032,swiss
CCOC(=O)c1ccccc1C1=c2cc(C)c(cc2=[O]c2c1cc(C)c(c2)NCC)NCC,0.027054,mazzatorta
CSCC(=NOC(=O)NC)C(C)(C)C,0.027483,mazzatorta
ClC1C(Cl)C(Cl)C(C(C1Cl)Cl)Cl,0.027507,mazzatorta
Cc1nn(c(c1C(=O)c1ccc(cc1S(=O)(=O)C)C(F)(F)F)O)C,0.0276,swiss
N#CC(c1ccc(c(c1)Oc1ccccc1)F)OC(=O)C1C(C1(C)C)C=C(Cl)Cl,0.027631,mazzatorta
CCOc1cc(ccc1N(=O)=O)Oc1ccc(cc1Cl)C(F)(F)F,0.027647,mazzatorta
[O-][N+](=O)c1cc(C(=O)N)c(c(c1)[N+](=O)[O-])C,0.027758,mazzatorta
N#CC(c1cccc(c1)Oc1ccccc1)OC(=O)C1C(C1(C)C)C=C(C(F)(F)F)Cl,0.027787,mazzatorta
C=CC1(C)OC(=O)N(C1=O)c1cc(Cl)cc(c1)Cl,0.027961,swiss
OC(=O)C(Oc1ccc(cc1)Oc1nc2c(o1)cc(cc2)Cl)C,0.028167,swiss
CSC(=NOC(=O)N(SN(C(=O)ON=C(SC)C)C)C)C,0.028211,mazzatorta
CS/C(=N/OC(=O)N(SN(C(=O)O/N=C(/SC)\C)C)C)/C,0.028211,swiss
CC(N(C(=O)SCC(=C(Cl)Cl)Cl)C(C)C)C,0.028228,swiss
COP(=S)(SCN1C(=O)c2c(C1=O)cccc2)OC,0.028362,mazzatorta
CC(N1C(=NC(C)(C)C)SCN(C1=O)c1ccccc1)C,0.028484,mazzatorta
CCOP(=S)(Oc1nc(Cl)c(cc1Cl)Cl)OCC,0.028524,"mazzatorta, swiss"
N#CC(c1ccc(c(c1)Oc1ccccc1)F)OC(=O)C1C(C1(C)C)C=C(Cl)Cl,0.028783,mazzatorta
CCO[C@H]1[C@@H](OC)[C@H](O[C@@H]2C[C@@H]3[C@@H](C2)[C@@H]2C=C4[C@H]([C@@H]2CC3)CC(=O)O[C@@H](CC)CCC[C@@H]([C@H](C4=O)C)O[C@H]2CC[C@@H]([C@H](O2)C)N(C)C)O[C@H]([C@@H]1OC)C,0.028877,swiss
N#Cc1cc(Br)c(c(c1)Br)O,0.02889,swiss
CCOC(=O)C(Cc1cc(c(cc1Cl)F)n1nc(n(c1=O)C(F)F)C)Cl,0.029113,"mazzatorta, swiss"
C#CCOC(=O)C(Oc1ccc(cc1)Oc1ncc(cc1F)Cl)C,0.029164,swiss
Fc1ccc(c(c1)c1ccc(c(c1)Cl)Cl)NC(=O)c1cn(nc1C(F)F)C,0.029212,swiss
CCOC(=O)c1cn2nc(cc2nc1C)OP(=S)(OCC)OCC,0.029462,swiss
CC(N1/C(=N/C(C)(C)C)/SCN(C1=O)c1ccccc1)C,0.029466,swiss
Nc1ncn[nH]1,0.029734,mazzatorta
Nc1n[nH]cn1,0.029734,swiss
COC(=O)c1c(Cl)c(Cl)c(c(c1Cl)Cl)C(=O)OC,0.030124,"mazzatorta, swiss"
Clc1c(ccc(c1N)[N+](=O)[O-])Oc1ccccc1,0.030227,swiss
CN(C(=S)SSC(=S)N(C)C)C,0.030362,swiss
COc1nc(Oc2cccc(c2C(=O)[O-])Oc2nc(OC)cc(n2)OC)nc(c1)OC.[Na+],0.030507,swiss
CC(C(c1cncnc1)(c1ccc(cc1)OC(F)(F)F)O)C,0.031381,swiss
COc1nc(C)nc(n1)N(C(=O)NS(=O)(=O)c1ccccc1C(=O)OC)C,0.031614,mazzatorta
Fc1ccc(cc1)[Si](c1ccc(cc1)F)(Cn1cncn1)C,0.031707,swiss
Cc1ccc2c(c1)nc1c(n2)sc(=O)s1,0.032011,mazzatorta
CCN(c1c(cc(cc1[N+](=O)[O-])C(F)(F)F)[N+](=O)[O-])CC(=C)C,0.032107,swiss
Fc1ccc(cc1)NC(=O)c1cccc(n1)Oc1cccc(c1)C(F)(F)F,0.032155,swiss
CCCn1c(OCCC)nc2c(c1=O)cc(cc2)I,0.032241,swiss
CC(C(=O)O)Oc1cc(Cl)c(cc1Cl)Cl,0.032281,mazzatorta
COc1cc(OC)nc(n1)NC(=O)NS(=O)(=O)c1ncccc1C(F)(F)F,0.032652,swiss
CN1CN(C)CSC1=S,0.03266,swiss
CCC1CCCC(OC2CCC(C(O2)C)N(C)C)C(C)C(=O)C2C(CC(=O)O1)C1CCC3C(C1C2)CC(C3)OC1CC(C)C(C(C1OC)OC)OC,0.032697,mazzatorta
FC(=C(F)F)CCS(=O)(=O)c1ncc(s1)Cl,0.032911,swiss
CCOC(=O)NCCOc1ccc(cc1)Oc1ccccc1,0.033185,mazzatorta
Clc1ccc(c(c1)Cl)C1(OCCO1)Cn1cncn1,0.033318,mazzatorta
CCOCn1c(c2ccc(cc2)Cl)c(c(c1C(F)(F)F)Br)C#N,0.033365,mazzatorta
N#Cc1sc2=c(sc1C#N)c(=O)c1c(c2=O)cccc1,0.033747,mazzatorta
CS/C(=N/OC(=O)N(SN(C(=O)O/N=C(/SC)\C)C)C)/C,0.033853,swiss
Fc1ccc(cc1)C(c1ccccc1F)(Cn1cncn1)O,0.033854,swiss
CCCCC(c1ccc(cc1)Cl)(Cn1cncn1)C#N,0.033936,mazzatorta
CCCCC(c1ccc(cc1)Cl)(Cn1cncn1)C#N,0.034075,mazzatorta
CN(C=Nc1ccc(cc1C)C)C=Nc1ccc(cc1C)C,0.034082,mazzatorta
CN(/C=N/c1ccc(cc1C)C)/C=N/c1ccc(cc1C)C,0.034082,swiss
CCCCC(c1ccc(cc1)Cl)(Cn1cncn1)C#N,0.034283,swiss
ClC(C(SN1C(=O)C2C(C1=O)CC=CC2)(Cl)Cl)Cl,0.034378,mazzatorta
CN(C=Nc1ccc(cc1C)C)C=Nc1ccc(cc1C)C,0.034764,mazzatorta
ClC(=CCOc1cc(Cl)c(c(c1)Cl)OCCCOc1ccc(cn1)C(F)(F)F)Cl,0.034819,swiss
O=C(C1=C(C)OCCS1)Nc1ccccc1,0.034849,swiss
CCCSP(=S)(Oc1ccc(cc1)SC)OCC,0.035665,mazzatorta
CCC(C(=O)OC1=C(C(=O)OC21CCCCC2)c1ccc(cc1Cl)Cl)(C)C,0.035787,swiss
CC(NC(=O)N1CC(=O)N(C1=O)c1cc(Cl)cc(c1)Cl)C,0.036345,swiss
N#CC(c1c(Cl)ccc(c1Cl)n1ncc(=O)[nH]c1=O)c1ccc(cc1)Cl,0.036797,mazzatorta
CCOCn1c(c2ccc(cc2)Cl)c(c(c1C(F)(F)F)Br)C#N,0.0368,swiss
C#CCOC(c1ccc(cc1)Cl)C(=O)NCCc1ccc(c(c1)OC)OCC#C,0.036904,swiss
CC(Cc1ccccc1)N,0.036981,mazzatorta
OC(C(C)(C)C)C(n1ncnc1)Cc1ccc(cc1)Cl,0.037441,swiss
CCN(c1c(cc(cc1N(=O)=O)C(F)(F)F)N(=O)=O)CC(=C)C,0.037508,mazzatorta
Clc1c(O)c(Cl)c(c(c1Cl)Cl)Cl,0.037546,mazzatorta
CC(OP(=S)(OC(C)C)SCCNS(=O)(=O)c1ccccc1)C,0.037735,mazzatorta
Clc1ccc(cc1)c1ccccc1NC(=O)c1cccnc1Cl,0.037878,swiss
CCOC(=O)CSc1nc(nn1C(=O)N(C)C)C(C)(C)C,0.038167,swiss
OC(=O)C(Oc1ccc(cc1Cl)Cl)C,0.038287,mazzatorta
CC(C(c1cncnc1)(c1ccc(cc1)OC(F)(F)F)O)C,0.038746,mazzatorta
OC(=O)COc1cc(Cl)c(cc1Cl)Cl,0.039142,mazzatorta
CCOP(=S)(Oc1nn(c(n1)Cl)C(C)C)OCC,0.039842,mazzatorta
O=C(NC(=O)c1c(F)cccc1F)Nc1cc(Cl)c(cc1Cl)OC(C(C(F)(F)F)F)(F)F,0.03991,swiss
O=C(CC(C)(C)C)OC1=C(C(=O)OC21CCCC2)c1c(C)cc(cc1C)C,0.039948,swiss
CNC(=S)S,0.040113,swiss
CCCN(c1c(cc(cc1[N+](=O)[O-])S(=O)(=O)N)[N+](=O)[O-])CCC,0.04042,swiss
CCCOC/C(=N\c1ccc(cc1C(F)(F)F)Cl)/n1cncc1,0.040492,swiss
OC1(Cn2ncnc2)C(CCC1(C)C)Cc1ccc(cc1)Cl,0.040959,swiss
CC(N(C(=O)SCC(=C(Cl)Cl)Cl)C(C)C)C,0.041029,mazzatorta
CCN(C(=O)C(=C(OP(=O)(OC)OC)C)Cl)CC,0.041043,mazzatorta
CCC(=O)Nc1ccc(c(c1)Cl)Cl,0.041269,swiss
CNC(=O)Oc1cc(C)c(c(c1)C)SC,0.041277,mazzatorta
CCOC(=O)C(Oc1ccc(cc1)Oc1cnc2c(n1)ccc(c2)Cl)C,0.041577,swiss
Fc1ccc(c(c1)c1ccc(c(c1)Cl)Cl)NC(=O)c1cn(nc1C(F)F)C,0.042008,swiss
CN(C(=S)S[Zn]SC(=S)N(C)C)C,0.04251,swiss
Clc1ccc(c(c1)Cl)C1(OCCO1)Cn1cncn1,0.042647,swiss
CC(N(C(=O)SCC(=C(Cl)Cl)Cl)C(C)C)C,0.04267,swiss
C#CCOS(=O)OC1CCCCC1Oc1ccc(cc1)C(C)(C)C,0.042799,swiss
O=C(CC(C)(C)C)OC1=C(C(=O)OC21CCCC2)c1c(C)cc(cc1C)C,0.042917,swiss
ClC(C(SN1C(=O)C2C(C1=O)CC=CC2)(Cl)Cl)Cl,0.042972,mazzatorta
S=C1NCCCN1,0.043035,swiss
OC1(Cn2ncnc2)C(CCC1(C)C)Cc1ccc(cc1)Cl,0.043148,swiss
CC(Cc1ccc(cc1)C(C)(C)C)CN1CCCCC1,0.043261,swiss
N#CC(c1ccc(c(c1)Oc1ccccc1)F)OC(=O)C1C(C1(C)C)C=C(Cl)Cl,0.04421,swiss
CC(=CC1C(C1(C)C)C(=O)OCc1coc(c1)Cc1ccccc1)C,0.044321,swiss
[S-]C(=S)NCCNC(=S)[S-].[Zn+2],0.044607,swiss
O=C1OC(C(=O)N1Nc1ccccc1)(C)c1ccc(cc1)Oc1ccccc1,0.044873,mazzatorta
[O-][As](=O)([O-])[O-],0.04499,mazzatorta
CCN(c1nc(cc(n1)C)OP(=S)(OC)OC)CC,0.045196,mazzatorta
O=C1OC(C(=O)N1Nc1ccccc1)(C)c1ccc(cc1)Oc1ccccc1,0.045407,swiss
C=CCC1=C(C)C(CC1=O)OC(=O)C1C(C1(C)C)C=C(C)C,0.045634,mazzatorta
ClCC=CCl,0.045958,mazzatorta
CCOC(=O)Cn1c(=O)sc2c1c(Cl)ccc2,0.046003,mazzatorta
CCNc1nc(NC(C)C)nc(n1)Cl,0.046364,swiss
Nc1ccc(cc1)Cl,0.047032,mazzatorta
CCCN(C(=O)SCC)CCC,0.047539,mazzatorta
CC1=C(C)S(=O)(=O)CCS1(=O)=O,0.047558,mazzatorta
C[n+]1ccc(cc1)c1cc[n+](cc1)C,0.047623,swiss
[O-][Br](=O)=O,0.047693,mazzatorta
CN(C(=S)SSC(=S)N(C)C)C,0.04783,mazzatorta
S=C1NCCCN1,0.048199,swiss
CON(C(=O)Nc1ccc(cc1)Br)C,0.048244,mazzatorta
Cc1cccc(c1O)C,0.049114,mazzatorta
CCC(C(=O)NCc1ccccc1)Oc1ccc(c(c1)C(F)(F)F)F,0.049813,swiss
O=C(c1cccc(c1C(=O)NC(CS(=O)(=O)C)(C)C)I)Nc1ccc(cc1C)C(C(F)(F)F)(C(F)(F)F)F,0.049825,swiss
CN(C(=S)SSC(=S)N(C)C)C,0.04991,"mazzatorta, swiss"
COC(=O)Nc1nc2c([nH]1)cc(cc2)Sc1ccccc1,0.050109,mazzatorta
ClCC1CN(C(=O)C1Cl)c1cccc(c1)C(F)(F)F,0.050302,swiss
C=CCOC(c1ccc(cc1Cl)Cl)Cn1cncc1,0.050475,"mazzatorta, swiss"
CCSC(CC1CC(=O)C(C(=O)C1)C(=NOCC)CCC)C,0.050568,mazzatorta
C#CCN1C(=O)COc2c1cc(c(c2)F)N1C(=O)C2=C(C1=O)CCCC2,0.0508,swiss
CCNc1nc(c(s1)C(=O)NC(c1cccs1)C#N)CC,0.051181,swiss
CN(C(=O)Oc1nc(nc(c1C)C)N(C)C)C,0.051619,"mazzatorta, swiss"
Clc1ccc(cc1)CCC(C(C)(C)C)(Cn1cncn1)O,0.051654,mazzatorta
COP(=O)(C(C(Cl)(Cl)Cl)O)OC,0.051663,swiss
CNC(=O)Oc1cc(C)c(c(c1)C)C,0.051749,mazzatorta
Cc1ccc(cc1)N(S(=O)(=O)N(C)C)SC(Cl)(Cl)F,0.051835,mazzatorta
COCN(c1c(CC)cccc1CC)C(=O)CCl,0.051897,"mazzatorta, swiss"
CNC(=O)Oc1cccc(c1)/N=C/N(C)C,0.051976,swiss
CN(C(=O)Oc1nc(nc(c1C)C)N(C)C)C,0.052458,mazzatorta
N#CC(c1ccc(c(c1)Oc1ccccc1)F)OC(=O)C1C(C1(C)C)C=C(Cl)Cl,0.0525,swiss
O=N(=O)c1ccc(c(c1)N)C,0.052579,mazzatorta
O=C1N(c2cc(Cl)cc(c2)Cl)C(=O)C2(C1(C)C2)C,0.052791,mazzatorta
Clc1ccc(cc1)C(c1ccccc1Cl)(c1cncnc1)O,0.052839,swiss
CC(C(c1ccc(cc1)Cl)(Cn1ncnc1)O)C1CC1,0.05326,swiss
O=C(N/C(=N\OCC1CC1)/c1c(F)c(F)ccc1C(F)(F)F)Cc1ccccc1,0.053352,swiss
NC(=NCCCCCCCCNCCCCCCCCN=C(N)N)N,0.053436,mazzatorta
C=CCOC(c1ccc(cc1Cl)Cl)Cn1cncc1,0.053503,swiss
OC(C(Cl)(Cl)Cl)(c1ccc(cc1)Cl)c1ccc(cc1)Cl,0.053983,mazzatorta
C#CCOS(=O)OC1CCCCC1Oc1ccc(cc1)C(C)(C)C,0.054213,mazzatorta
C#CCC1=C(C)C(CC1=O)OC(=O)C1C(C1(C)C)C=C(C)C,0.054928,swiss
CNC1=C(c2cccc(c2)C(F)(F)F)C(=O)C(O1)c1ccccc1,0.055205,swiss
CCOc1ccc2c(c1)C(=CC(N2)(C)C)C,0.055221,"mazzatorta, swiss"
COCN(c1c(CC)cccc1CC)C(=O)CCl,0.055604,mazzatorta
O=C(c1ccc(cc1S(=O)(=O)C)C(F)(F)F)c1cnoc1C1CC1,0.055661,"mazzatorta, swiss"
N#CC(c1cccc(c1)Oc1ccccc1)OC(=O)C1C(C1(C)C)(C)C,0.055663,mazzatorta
CCOC(=O)COC(=O)c1cc(ccc1[N+](=O)[O-])Oc1ccc(cc1Cl)C(F)(F)F,0.055835,mazzatorta
COc1nc(nc(n1)C)NC(=O)NS(=O)(=O)c1ccccc1Cl,0.055901,swiss
COc1nc(nc(n1)C)NC(=O)[N-]S(=O)(=O)c1cc(I)ccc1C(=O)OC.[Na+],0.056118,swiss
O=C(C(Oc1ccc(cc1)Oc1cnc2c(n1)ccc(c2)Cl)C)OCCON=C(C)C,0.056322,swiss
N#CC(c1c(Cl)ccc(c1Cl)n1ncc(=O)[nH]c1=O)c1ccc(cc1)Cl,0.056423,mazzatorta
CNC(=O)Oc1cccc(c1)N=CN(C)C,0.056496,mazzatorta
CCOC(=O)C(c1ccc(cc1)Cl)(c1ccc(cc1)Cl)O,0.056583,mazzatorta
Clc1ccccc1c1nnc(nn1)c1ccccc1Cl,0.057068,"mazzatorta, swiss"
CCCN(C(=O)n1cncc1)CCOc1c(Cl)cc(cc1Cl)Cl,0.05708,swiss
CCOCCN(C(=C(C)C)c1ccccc1)C(=O)CCl,0.05747,swiss
CN(C(CN1c2ccccc2Sc2c1cccc2)C)C,0.058365,mazzatorta
CCOC(=O)CCN(C(C)C)SN(C(=O)Oc1cccc2c1OC(C2)(C)C)C,0.058461,swiss
CC1COC(O1)(Cn1cncn1)c1ccc(cc1Cl)Oc1ccc(cc1)Cl,0.059321,swiss
Nc1ncn[nH]1,0.059467,mazzatorta
Nc1n[nH]cn1,0.059467,swiss
NC#N,0.059467,swiss
N#CC(c1cccc(c1)Oc1ccccc1)OC(=O)C(c1ccc(cc1)Cl)C(C)C,0.059538,"mazzatorta, swiss"
N#CC(c1cccc(c1)Oc1ccccc1)OC(=O)C1C(C1(C)C)(C)C,0.060099,swiss
CC(OC(=O)C(c1ccc(cc1)Br)(c1ccc(cc1)Br)O)C,0.060498,swiss
CSc1nnc(c(=O)n1N)C(C)(C)C,0.060666,swiss
CC(OC(=O)C(c1ccc(cc1)Br)(c1ccc(cc1)Br)O)C,0.060731,mazzatorta
C=CC=CCC1=C(C)C(CC1=O)OC(=O)C1C(C1(C)C)C=C(C)C.C=CC=CCC1=C(C)C(CC1=O)OC(=O)C1C(C1(C)C)C=C(C(=O)OC)C,0.06135,swiss
CNC(=O)ON=C(SC)C,0.061648,mazzatorta
CNc1cnn(c(=O)c1Cl)c1cccc(c1)C(F)(F)F,0.061745,mazzatorta
O=C(NC(=O)c1c(F)cccc1F)Nc1ccc(c(c1)Cl)OC(C(OC(F)(F)F)F)(F)F,0.062106,swiss
COC(=O)c1cccc(c1S(=O)(=O)NC(=O)Nc1nc(OCC(F)(F)F)nc(n1)N(C)C)C,0.062141,swiss
CCNc1nc(SC)nc(n1)NC(C)(C)C,0.062149,mazzatorta
CN(C(=S)SSC(=S)N(C)C)C,0.062387,mazzatorta
[O-][N+](=O)c1cc(cc(c1)[N+](=O)[O-])[N+](=O)[O-],0.062458,mazzatorta
Clc1cc(F)c(cc1C(=O)NS(=O)(=O)N(C(C)C)C)n1c(=O)cc(n(c1=O)C)C(F)(F)F,0.062693,swiss
COP(=S)(SCN1C(=O)c2c(C1=O)cccc2)OC,0.063028,mazzatorta
ClCC(=O)N(c1c(C)cccc1C)Cn1cccn1,0.063366,swiss
CCOP(=S)(SCn1c(=O)oc2c1ccc(c2)Cl)OCC,0.06362,swiss
ClC(=CC1C(C1(C)C)C(=O)OCc1cccc(c1)Oc1ccccc1)Cl,0.063892,"mazzatorta, swiss"
O=C(NS(=O)(=O)c1c(C)cccc1C(=O)O)Nc1nc(OCC(F)(F)F)nc(n1)N(C)C,0.063963,swiss
CC(C1(C)N=C(NC1=O)c1nc2ccccc2cc1C(=O)O)C,0.064239,mazzatorta
OC(C(C)(C)C)C(n1ncnc1)Oc1ccc(cc1)Cl,0.06424,swiss
COc1nc(nc(n1)C)NC(=O)NS(=O)(=O)c1ccsc1C(=O)OC,0.064534,mazzatorta
O=C(N(C)C)Nc1cccc(c1)C(F)(F)F,0.064599,mazzatorta
O=C(N(C)C)Nc1ccc(c(c1)Cl)n1nc(oc1=O)C(C)(C)C,0.064937,swiss
O=C(NC(=O)c1c(F)cccc1F)Nc1cc(Cl)c(c(c1F)Cl)F,0.065073,swiss
CC1N(C(=O)NC2CCCCC2)C(=O)SC1c1ccc(cc1)Cl,0.065462,swiss
O=C(NC(=O)c1c(F)cccc1F)Nc1cc(Cl)c(c(c1F)Cl)F,0.065598,mazzatorta
CCCCN(SN(C(=O)Oc1cccc2c1OC(C2)(C)C)C)CCCC,0.065695,"mazzatorta, swiss"
Clc1ccccc1c1nnc(nn1)c1ccccc1Cl,0.065975,mazzatorta
[O-][N+](=O)NC1=NCCN1Cc1ccc(nc1)Cl,0.066494,mazzatorta
CSc1nnc(c(=O)n1N)C(C)(C)C,0.067199,swiss
CCOc1ccc(cc1)C(COCc1cccc(c1)Oc1ccccc1)(C)C,0.067731,swiss
O=C(NC(=O)c1c(F)cccc1F)Nc1cc(Cl)c(c(c1F)Cl)F,0.068222,mazzatorta
C#CCOS(=O)OC1CCCCC1Oc1ccc(cc1)C(C)(C)C,0.06905,swiss
CCOc1ccc(cc1)C(COCc1cccc(c1)Oc1ccccc1)(C)C,0.069059,mazzatorta
CCO/N=C(/C1=C(O)CC(CC1=O)c1c(C)cc(cc1C)C)\CC,0.069817,swiss
COc1nc(nc(n1)C)NC(=O)NS(=O)(=O)c1ccccc1Cl,0.069877,mazzatorta
CSc1nnc(c(=O)n1N)C(C)(C)C,0.069999,mazzatorta
CO/N=C(/c1ccccc1COc1cc(C)ccc1C)\C(=O)NC,0.070468,swiss
N#CC(c1cccc(c1)Oc1ccccc1)OC(=O)C1C(C1(C)C)(C)C,0.071547,mazzatorta
COc1cc(OC)n2c(n1)nc(n2)S(=O)(=O)Nc1c(Cl)ccc(c1Cl)C,0.071727,swiss
C#CCOS(=O)OC1CCCCC1Oc1ccc(cc1)C(C)(C)C,0.071903,swiss
CCN1CCN(CC1)c1cc2c(cc1F)c(=O)c(cn2C1CC1)C(=O)O,0.072344,mazzatorta
CO/N=C(\c1ccccc1CO/N=C(/c1cccc(c1)C(F)(F)F)\C)/C(=O)OC,0.072728,swiss
CCCC1COC(O1)(Cn1cncn1)c1ccc(cc1Cl)Cl,0.073052,mazzatorta
O=C(NC(=O)c1c(F)cccc1F)Nc1ccc(c(c1)Cl)OC(C(OC(F)(F)F)F)(F)F,0.073066,mazzatorta
O=C(N(C)C)Nc1cccc(c1)C(F)(F)F,0.073957,swiss
OC(C(C)(C)C)C(n1cncn1)Oc1ccc(cc1)c1ccccc1,0.074093,"mazzatorta, swiss"
ClCCOc1ccccc1S(=O)(=O)NC(=O)Nc1nc(C)nc(n1)OC,0.074659,swiss
CCCSc1ccc2c(c1)[nH]c(n2)NC(=O)OC,0.075377,mazzatorta
Cn1nc(c(c1)C(=O)Nc1cccc2c1C1CCC2C1=C(Cl)Cl)C(F)F,0.075835,swiss
Cn1cc(c2cccc(c2)C(F)(F)F)c(=O)c(c1)c1ccccc1,0.075915,mazzatorta
Clc1ccc(cc1)CN(C(=O)Nc1ccccc1)C1CCCC1,0.076026,mazzatorta
CNC(=O)Oc1cccc2c1cccc2,0.077527,mazzatorta
COP(=O)(C(C(Cl)(Cl)Cl)O)OC,0.077689,mazzatorta
N#C/N=C(/N(Cc1ccc(nc1)Cl)C)\C,0.07859,swiss
CCSC(=O)N1CCCCCC1,0.07907,mazzatorta
CC(c1cc(ccc1O)C(c1ccc(c(c1)C(C)C)O)(C)C)C,0.080014,mazzatorta
C=CCC1=C(C)C(CC1=O)OC(=O)C1C(C1(C)C)C=C(C)C,0.081016,mazzatorta
NC(=N)NCCCCCCCCNC(=N)N,0.08102,swiss
CCOC(=O)NCCOc1ccc(cc1)Oc1ccccc1,0.081968,swiss
Clc1cc(cnc1CNC(=O)c1c(Cl)cccc1Cl)C(F)(F)F,0.082121,swiss
O=C(C(C)(C)C)C(n1ncnc1)Oc1ccc(cc1)Cl,0.082724,swiss
ClCCP(=O)(O)O,0.083048,mazzatorta
COC(=O)Nc1cccc(c1)OC(=O)Nc1cccc(c1)C,0.083248,mazzatorta
COP(=S)(Oc1ccc(c(c1)C)[N+](=O)[O-])OC,0.083323,swiss
CCCN(c1c(cc(c(c1[N+](=O)[O-])N)C(F)(F)F)[N+](=O)[O-])CCC,0.08393,mazzatorta
ClC(SN1C(=O)c2c(C1=O)cccc2)(Cl)Cl,0.084301,swiss
OC(C(C)(C)C)C(n1ncnc1)Oc1ccc(cc1)Cl,0.084527,mazzatorta
O=C(C(C)(C)C)C(n1ncnc1)Oc1ccc(cc1)Cl,0.085107,mazzatorta
CCCC(=C1C(=O)CC(CC1=O)C1CCCSC1)NOCC,0.08603,mazzatorta
CCO/N=C(\C1=C(O)CC(CC1=O)C1CCCSC1)/CCC,0.08603,swiss
CCN(c1c(cc(cc1[N+](=O)[O-])C(F)(F)F)[N+](=O)[O-])CC(=C)C,0.087018,swiss
COc1cc(ccc1OC)/C(=C/C(=O)N1CCOCC1)/c1ccc(cc1)Cl,0.087661,swiss
CCOC(=O)CC(C(=O)OCC)SP(=S)(OC)OC,0.087784,swiss
CC(=O)Nc1cc(NS(=O)(=O)C(F)(F)F)c(cc1C)C,0.088948,mazzatorta
N#CC(c1ccccc1)(Cn1cncn1)CCc1ccc(cc1)Cl,0.089069,mazzatorta
CCCN(c1c(cc(cc1[N+](=O)[O-])C(F)(F)F)[N+](=O)[O-])CCC,0.089478,swiss
COCC(=O)Nc1cc(ccc1NC(=NC(=O)OC)NC(=O)OC)Sc1ccccc1,0.08959,mazzatorta
O=C1N(OCC1(C)C)Cc1ccccc1Cl,0.089696,mazzatorta
Nc1nc(NC2CC2)nc(n1)N,0.090262,mazzatorta
ClC(C(c1ccc(cc1)Cl)c1ccc(cc1)Cl)(Cl)Cl,0.090271,mazzatorta
Fc1ccc(cc1)C(=O)CCCN1CCN(CC1)c1ccccn1,0.091632,mazzatorta
CCC(=O)Nc1ccc(c(c1)Cl)Cl,0.09171,mazzatorta
N#CC(c1ccccc1)(Cn1cncn1)CCc1ccc(cc1)Cl,0.092038,swiss
Clc1ccc2c(c1)ncc(n2)Oc1ccc(cc1)OC(C(=O)OCC1CCCO1)C,0.092103,swiss
NC(=O)c1c(Cl)cccc1Cl,0.092619,swiss
COc1cc(ccc1OC)/C(=C/C(=O)N1CCOCC1)/c1ccc(cc1)Cl,0.092818,swiss
Clc1ccc(c(c1)Cl)NC(=O)C1(CC1)C(=O)O,0.093032,swiss
COC(=O)NC(=S)Nc1ccccc1NC(=S)NC(=O)OC,0.09346,"mazzatorta, swiss"
Clc1cc(Cl)cc(c1)C1(CO1)CC(Cl)(Cl)Cl,0.093625,mazzatorta
IC(=C(I)I)I,0.094049,mazzatorta
OC(=O)COc1ccc(cc1C)Cl,0.094707,swiss
Cc1nnc(c(=O)n1N)c1ccccc1,0.096433,swiss
[O-][N+](=O)/N=C/1\NCCN1Cc1ccc(nc1)Cl,0.097395,swiss
Nc1ccc(cc1)Cl,0.097984,mazzatorta
Cn1cc(c2cccc(c2)C(F)(F)F)c(=O)c(c1)c1ccccc1,0.098689,mazzatorta
COc1c(OC)cc(c(c1OC)C(=O)c1c(OC)ncc(c1C)Cl)C,0.099506,swiss
NC(=N)NCCCCCCCCCCCCOC(=O)C,0.1016,mazzatorta
OC1CC2(O)CC(O)C(C(O2)(C)CC(C=CC=CC=CC=CCC(OC(=O)C=CC2C(C1)(C)O2)C)OC1(C)OC(C)C(C(C1O)N)O)C(=O)O,0.10172,mazzatorta
COc1ncc(c2n1nc(n2)NS(=O)(=O)c1c(cccc1C(F)(F)F)OCC(F)F)OC,0.10344,swiss
CCCN(c1c(cc(cc1[N+](=O)[O-])S(=O)(=O)N)[N+](=O)[O-])CCC,0.10394,swiss
CC(c1nn(c(=O)n1N)C(=O)NC(C)(C)C)C,0.10485,swiss
COCc1c(F)c(F)c(c(c1F)F)COC(=O)C1C(C1(C)C)/C=C/C,0.10573,swiss
[O-][N+](=O)c1cnc(n1C)C,0.10629,mazzatorta
CC(N(c1c(cc(cc1N(=O)=O)S(=O)(=O)N)N(=O)=O)C(C)C)C,0.10642,mazzatorta
CCOC(=O)C(OC(=O)c1cc(ccc1[N+](=O)[O-])Oc1ccc(cc1Cl)C(F)(F)F)C,0.10828,mazzatorta
CCOC(=O)C(OC(=O)c1cc(ccc1N(=O)=O)Oc1cc(ccc1Cl)C(F)(F)F)C,0.10828,mazzatorta
S=C1NCCNC(=S)S[Mn+2]S1,0.10856,swiss
ClCC(=O)N(c1ccccc1)C(C)C,0.10865,mazzatorta
CCNc1nc(NC(C)C)nc(n1)Cl,0.10942,swiss
CCCN(CC1COC2(O1)CCC(CC2)C(C)(C)C)CC,0.11029,swiss
CCOc1cc(ccc1[N+](=O)[O-])Oc1ccc(cc1Cl)C(F)(F)F,0.11059,mazzatorta
COC(=O)c1c(nc(c(c1CC(C)C)C1=NCCS1)C(F)(F)F)C(F)F,0.11151,"mazzatorta, swiss"
Clc1cc(ccc1Oc1ccc(c(c1)C(=O)NS(=O)(=O)C)[N+](=O)[O-])C(F)(F)F,0.11396,mazzatorta
Oc1ccc(c(c1)C)C,0.1146,mazzatorta
N#Cc1c(N)nc(nc1N)NC1CC1,0.11566,mazzatorta
O=C(c1cccc(c1C(=O)NC(CS(=O)(=O)C)(C)C)I)Nc1ccc(cc1C)C(C(F)(F)F)(C(F)(F)F)F,0.11577,swiss
CBr,0.11586,swiss
CCNc1nc(NC(C)C)nc(n1)Cl,0.11591,mazzatorta
COc1c(OC)cc(c(c1OC)C(=O)c1c(OC)ncc(c1C)Cl)C,0.11727,swiss
CNC(=O)O/N=C(\SC)/C,0.11837,swiss
Nc1ccc(cc1)S(=O)(=O)Nc1nc(C)cc(n1)C,0.11856,mazzatorta
CCN(c1c(cc(cc1[N+](=O)[O-])C(F)(F)F)[N+](=O)[O-])Cc1c(F)cccc1Cl,0.11856,mazzatorta
CCNC(=O)NC(=O)/C(=N\OC)/C#N,0.11858,swiss
N#CC(c1ccccc1)(Cn1cncn1)CCc1ccc(cc1)Cl,0.11876,mazzatorta
CC(N(c1c(cc(cc1N(=O)=O)C(F)(F)F)N(=O)=O)C(C)C)C,0.1193,mazzatorta
COc1cc(ccc1OC)C(=CC(=O)N1CCOCC1)c1ccc(cc1)Cl,0.11937,mazzatorta
CCCCc1c(=O)nc([nH]c1C)NCC,0.11945,mazzatorta
N#CC(c1cccc(c1)Oc1ccccc1)OC(=O)C1C(C1(C)C)C=C(Cl)Cl,0.12011,"mazzatorta, swiss"
CNC(=O)ON=C(SC)C,0.1233,mazzatorta
CNC(=O)Oc1cc(C)c(c(c1)C)SC,0.12427,swiss
c1coc(c1)c1nc2c([nH]1)cccc2,0.12487,swiss
CO/C=C(\c1ccccc1COc1cccc(n1)C(F)(F)F)/C(=O)OC,0.12523,swiss
CN(C(=O)C(c1ccccc1)c1ccccc1)C,0.12536,mazzatorta
CON(C(=O)Nc1ccc(c(c1)Cl)Cl)C,0.12545,swiss
O=C(C1=C(C)OCCS1)Nc1ccccc1,0.1275,mazzatorta
ClC(=CC1C(C1(C)C)C(=O)OCc1cccc(c1)Oc1ccccc1)Cl,0.12778,swiss
O=C(N(C)C)Nc1cccc(c1)C(F)(F)F,0.1292,swiss
CC(N(c1c(cc(cc1N(=O)=O)S(=O)(=O)N)N(=O)=O)C(C)C)C,0.12992,mazzatorta
[O-][N+](=O)/N=C(\NC)/NCc1cnc(s1)Cl,0.13017,swiss
CCCN(C(=O)SCC)CCC,0.13205,mazzatorta
C=CCOC(c1ccc(cc1Cl)Cl)Cn1cncc1,0.1346,mazzatorta
ClC(SN1C(=O)c2c(C1=O)cccc2)(Cl)Cl,0.13488,mazzatorta
OC(C(C)(C)C)C(=Cc1ccc(cc1)Cl)n1ncnc1,0.13507,mazzatorta
CCc1ccc(cc1)C(=O)NN(C(C)(C)C)C(=O)c1cc(C)cc(c1)C,0.13618,mazzatorta
O=C(Nc1cnns1)Nc1ccccc1,0.13621,mazzatorta
ClC=C(c1cc(Cl)c(cc1Cl)Cl)OP(=O)(OC)OC,0.13663,mazzatorta
ClC(Br)Br,0.13684,mazzatorta
CCCCCCCCc1cc(N(=O)=O)c(c(c1)N(=O)=O)OC(=O)C=CC,0.13721,mazzatorta
CCc1ccc(cc1)C(=O)NN(C(C)(C)C)C(=O)c1cc(C)cc(c1)C,0.13732,swiss
Cc1cccc2c1n1cnnc1s2,0.13739,swiss
CCC(Nc1c(cc(cc1[N+](=O)[O-])C(C)(C)C)[N+](=O)[O-])C,0.13747,swiss
CC(C(c1cncnc1)(c1ccc(cc1)OC(F)(F)F)O)C,0.13801,swiss
CC(NC(=O)N1CC(=O)N(C1=O)c1cc(Cl)cc(c1)Cl)C,0.13932,mazzatorta
CN1CC2CC1CN2c1cc2c(cc1F)c(=O)c(cn2C1CC1)C(=O)O,0.13991,mazzatorta
OC(=O)COc1nc(Cl)c(cc1Cl)Cl,0.14037,mazzatorta
CC(OC(=O)Nc1cccc(c1)Cl)C,0.14041,swiss
COC(=O)C(N(c1c(C)cccc1C)C(=O)Cc1ccccc1)C,0.14136,mazzatorta
COc1nc(C)nc(n1)N(C(=O)NS(=O)(=O)c1ccccc1C(=O)O)C,0.14422,swiss
ClC(=C)Cl,0.14441,mazzatorta
Clc1ccccc1CC(C1(Cl)CC1)(Cn1nc[nH]c1=S)O,0.14524,swiss
CC(N1C(=O)c2ccccc2NS1(=O)=O)C,0.14566,mazzatorta
CC(=O)O.CCCCCCCCCCCCNC(=N)N,0.14612,swiss
CCOc1cc(ccc1[N+](=O)[O-])Oc1ccc(cc1Cl)C(F)(F)F,0.14653,swiss
CON=C(c1ccccc1CON=C(c1cccc(c1)C(F)(F)F)C)C(=O)OC,0.14693,mazzatorta
c1ccc(cc1)Nc1ccccc1,0.14773,"mazzatorta, swiss"
COC(CCCC(CC=CC(=CC(=O)OC(C)C)C)C)(C)C,0.14816,mazzatorta
c1scc(n1)c1nc2c([nH]1)cccc2,0.14907,mazzatorta
CC(N1C(=O)c2ccccc2NS1(=O)=O)C,0.14983,swiss
N#Cc1c(Cl)c(C#N)c(c(c1Cl)Cl)Cl,0.15043,swiss
CCOC(=O)CC(C(=O)OCC)SP(=S)(OC)OC,0.15135,mazzatorta
CON=C(c1ccc(cc1Cl)Cl)Cc1cccnc1,0.15246,mazzatorta
CCC(c1noc(c1)NC(=O)c1c(OC)cccc1OC)(CC)C,0.15253,mazzatorta
CCNC(=O)NC(=O)C(=NOC)C#N,0.15289,mazzatorta
CCNC(=O)NC(=O)/C(=N\OC)/C#N,0.15289,swiss
Clc1ccc(c(c1)Cl)C=C(C(C(C)(C)C)O)n1cncn1,0.15327,mazzatorta
COC=C(c1ccccc1Oc1ncnc(c1)Oc1ccccc1C#N)C(=O)OC,0.15432,mazzatorta
COC(=O)NC(=S)Nc1ccccc1NC(=S)NC(=O)OC,0.15479,swiss
OC(=O)C(Oc1ccc(cc1Cl)Cl)C,0.15528,swiss
COP(=S)(Oc1cc(Cl)c(cc1Cl)Cl)OC,0.1555,mazzatorta
Cc1nc(Nc2ccccc2)nc(c1)C1CC1,0.15802,"mazzatorta, swiss"
CCOC(=O)CN(c1c(CC)cccc1CC)C(=O)CCl,0.16036,mazzatorta
CC(OC(=O)Nc1ccccc1)C,0.16182,swiss
Cc1cccc2c1n1cnnc1s2,0.16382,mazzatorta
C#CC(NC(=O)c1cc(Cl)cc(c1)Cl)(C)C,0.16593,swiss
CC(N1C(=O)c2ccccc2NS1(=O)=O)C,0.16647,mazzatorta
ClC(SN1C(=O)c2c(C1=O)cccc2)(Cl)Cl,0.1686,mazzatorta
CNc1cnn(c(=O)c1Cl)c1cccc(c1)C(F)(F)F,0.16877,mazzatorta
O=C1N(c2cc(Cl)cc(c2)Cl)C(=O)C2(C1(C)C2)C,0.16893,swiss
CCC(Nc1c(cc(cc1[N+](=O)[O-])C(C)(C)C)[N+](=O)[O-])C,0.1693,mazzatorta
Cc1ccc(c2c1cccc2)C,0.17283,swiss
Clc1cc(Cl)c(cc1n1nc(n(c1=O)C(F)F)C)NS(=O)(=O)C,0.17304,"mazzatorta, swiss"
COC(=O)c1ccc(cc1C1=NC(C(=O)N1)(C)C(C)C)C,0.17341,mazzatorta
CNC(=O)N(c1nnc(s1)C(C)(C)C)C,0.1752,mazzatorta
CCN(C(=O)C(Oc1cccc2c1cccc2)C)CC,0.17527,swiss
CCCCCCCCc1cc(N(=O)=O)c(c(c1)N(=O)=O)OC(=O)C=CC,0.17563,mazzatorta
CCCCCCC(c1cc(cc(c1OC(=O)/C=C/C)[N+](=O)[O-])[N+](=O)[O-])C,0.17563,swiss
CCOCN(c1c(C)cccc1CC)C(=O)CCl,0.17608,swiss
CCCCCCCCCC[N+](CCCCCCCCCC)(C)C.[Cl-],0.17676,swiss
CCCCCCCCSC(=O)Oc1cc(Cl)nnc1c1ccccc1,0.17814,mazzatorta
Clc1ccc(cc1)CCC(C(C)(C)C)(Cn1cncn1)O,0.17868,swiss
N#Cc1cc(C)c(c(c1)C(=O)NC)NC(=O)c1cc(nn1c1ncccc1Cl)Br,0.17901,swiss
CBr,0.17906,swiss
COCC(=O)N(c1c(C)cccc1C)N1CCOC1=O,0.17966,mazzatorta
N#CC(c1cccc(c1)Oc1ccccc1)OC(=O)C1C(C1(C)C)C=C(Cl)Cl,0.18016,"mazzatorta, swiss"
CC1=NNC(=O)N(C1)/N=C/c1cccnc1,0.18092,swiss
c1ccc(cc1)Nc1ccccc1,0.18319,mazzatorta
CN1CN(C)CSC1=S,0.18487,mazzatorta
CCOCN(c1c(C)cccc1CC)C(=O)CCl,0.18535,mazzatorta
O=N(=O)c1ccc(c(c1)N(=O)=O)C,0.18668,mazzatorta
COc1nc(nc(n1)C)NC(=O)NS(=O)(=O)c1ccccc1CCC(F)(F)F,0.19052,mazzatorta
COP(=O)(NC(=O)C)SC,0.19108,mazzatorta
N#CCNC(=O)c1cnccc1C(F)(F)F,0.19244,swiss
CCCCCCC(c1cc(cc(c1OC(=O)/C=C\C)[N+](=O)[O-])[N+](=O)[O-])C,0.19484,swiss
OC1CN(C(=O)N1c1nnc(s1)C(C)(C)C)C,0.19507,mazzatorta
OC(=O)C(Cl)(Cl)C,0.19704,mazzatorta
O=c1nc(N(C)C)n(c(=O)n1C1CCCCC1)C,0.19817,mazzatorta
c1scc(n1)c1nc2c([nH]1)cccc2,0.19876,"mazzatorta, swiss"
Nc1ccc(c(c1)N)O,0.20138,mazzatorta
C=Cc1ccccc1,0.20163,mazzatorta
Cn1nc(c(c1)C(=O)Nc1ccccc1C1CC1C1CC1)C(F)F,0.2022,swiss
O=C(NS(=O)(=O)c1ccccc1C(=O)OC1COC1)Nc1nc(C)cc(n1)C,0.20423,mazzatorta
CO/C=C(\c1ccccc1Oc1ncnc(c1)Oc1ccccc1C#N)/C(=O)OC,0.20427,swiss
COc1nc(nc(n1)C)NC(=O)NS(=O)(=O)c1ccccc1CCC(F)(F)F,0.20983,swiss
ClCC(=O)N(c1c(CC)cccc1CC)CNC(=O)C,0.21058,mazzatorta
CC(Nc1nc(NC(C)C)nc(n1)Cl)C,0.21767,mazzatorta
O=C1CCCC(=O)C1C(=O)c1ccc(cc1Cl)S(=O)(=O)C,0.219,swiss
CC(c1ccc(cc1)O)(c1ccc(cc1)O)C,0.21902,mazzatorta
ClCC(=O)N(c1c(C)cccc1CC)COC(C)C,0.22199,swiss
CC(Nc1nc(NC(C)C)nc(n1)Cl)C,0.22202,swiss
COCC(=O)N(c1c(C)cccc1C)C(C(=O)OC)C,0.22375,mazzatorta
Nc1ccc2c(c1)nc1c(c2)ccc(c1)N,0.22462,mazzatorta
Nc1cnn(c(=O)c1Cl)c1ccccc1,0.22559,swiss
CNC(=O)Oc1ccccc1OC(C)C,0.2294,swiss
O=CNC(C(Cl)(Cl)Cl)N1CCN(CC1)C(C(Cl)(Cl)Cl)NC=O,0.22991,"mazzatorta, swiss"
CC(CC(c1sccc1NC(=O)c1cn(nc1C(F)(F)F)C)C)C,0.23093,swiss
CCNC(=O)C(OC(=O)Nc1ccccc1)C,0.23279,swiss
Clc1c(ccc(c1N)[N+](=O)[O-])Oc1ccccc1,0.23426,swiss
CC1=C(C)S(=O)(=O)CCS1(=O)=O,0.23779,swiss
CCSC(CC1CC(=O)C(=C(NOCC=CCl)CC)C(=O)C1)C,0.23895,mazzatorta
Cl/C=C/CO/N=C(\C1=C(O)CC(CC1=O)CC(SCC)C)/CC,0.23895,swiss
CNC(=O)Oc1ccccc1OC(C)C,0.23896,mazzatorta
CCC(n1c(=O)[nH]c(c(c1=O)Br)C)C,0.23936,mazzatorta
Fc1ccc2c(c1)n(c(c2Br)C)S(=O)(=O)c1ncn(n1)S(=O)(=O)N(C)C,0.24019,swiss
CCOCN(c1c(C)cccc1CC)C(=O)CCl,0.24799,swiss
C=CCC1=C(C)C(CC1=O)OC(=O)C1C(C1(C)C)C=C(C)C,0.24801,mazzatorta
OC(=O)c1nc(Cl)c(c(c1Cl)N)Cl,0.24849,mazzatorta
CCc1cc(C)cc(c1c1c(OC(=O)C(C)(C)C)n2n(c1=O)CCOCC2)CC,0.24968,swiss
CC1OC(C)OC(OC(O1)C)C,0.2497,swiss
[S]C(=S)NCCNC(=S)S[Mn],0.25254,swiss
C=CC1(C)OC(=O)N(C1=O)c1cc(Cl)cc(c1)Cl,0.2548,mazzatorta
CCOCN(c1c(C)cccc1CC)C(=O)CCl,0.25578,swiss
Cc1ccc(cc1)N(S(=O)(=O)N(C)C)SC(Cl)(Cl)F,0.25917,swiss
Fc1ccc(cc1)Oc1ccnc2c1c(Cl)cc(c2)Cl,0.25963,swiss
CC(Oc1cccc(c1)NC(=O)c1ccccc1C(F)(F)F)C,0.26909,"mazzatorta, swiss"
Nc1cnn(c(=O)c1Cl)c1ccccc1,0.27071,swiss
OCC(CCl)O,0.2714,swiss
ClC=C(c1cc(Cl)c(cc1Cl)Cl)OP(=O)(OC)OC,0.27325,mazzatorta
CCSC(CC1CC(=O)C(=C(NOCC=CCl)CC)C(=O)C1)C,0.27785,mazzatorta
CC(CC(c1sccc1NC(=O)c1cn(nc1C(F)(F)F)C)C)C,0.27823,swiss
COc1cc(OC)nc(n1)NC(=O)NS(=O)(=O)c1ncccc1S(=O)(=O)CC,0.28045,swiss
OC(=O)COc1ccc(cc1Cl)Cl,0.2805,swiss
CCCC1COC(O1)(Cn1cncn1)c1ccc(cc1Cl)Cl,0.28052,"mazzatorta, swiss"
C#CCOS(=O)OC1CCCCC1Oc1ccc(cc1)C(C)(C)C,0.28533,mazzatorta
Cc1ccc(cc1)N(S(=O)(=O)N(C)C)SC(Cl)(Cl)F,0.28797,swiss
CCCCOCCOCCOCc1cc2OCOc2cc1CCC,0.29547,"mazzatorta, swiss"
CNC(=O)Oc1cccc2c1cccc2,0.29818,mazzatorta
COC(=O)c1ccccc1S(=O)(=O)NC(=O)Nc1nc(OC(F)F)cc(n1)OC(F)F,0.29893,mazzatorta
CNC(=O)Oc1cccc2c1cccc2,0.29917,swiss
CN(C(=S)[S-])C.CN(C(=S)[S-])C.CN(C(=S)[S-])C.[Fe+3],0.30012,swiss
CCOC(=O)c1ccccc1S(=O)(=O)NC(=O)Nc1nc(Cl)cc(n1)OC,0.30133,mazzatorta
Fc1ccc(c(c1)F)NC(=O)c1cccnc1Oc1cccc(c1)C(F)(F)F,0.30333,swiss
CCCCCCCCSC(=O)Oc1cc(Cl)nnc1c1ccccc1,0.3035,swiss
NC1CC(N=C(C(=O)O)N)C(OC1OC1C(O)C(O)C(C(C1O)O)O)C,0.30578,swiss
CNC(=O)Oc1cc(C)cc(c1C)C,0.30635,mazzatorta
COc1nc(nc(n1)C)NC(=O)NS(=O)(=O)c1ccccc1C(=O)OC,0.31204,swiss
ClCC(=O)N(c1c(C)cccc1C)Cn1cccn1,0.31323,swiss
C#CCC1=C(C)C(CC1=O)OC(=O)C1C(C1(C)C)C=C(C)C,0.31625,mazzatorta
OC(=O)CCl,0.31747,mazzatorta
O=C(NC(=O)c1c(F)cccc1F)Nc1cc(Cl)c(c(c1F)Cl)F,0.32143,swiss
ClC(SN1C(=O)C2C(C1=O)CC=CC2)(Cl)Cl,0.32603,swiss
CCCCCCC(c1cc(cc(c1OC(=O)/C=C\C)[N+](=O)[O-])[N+](=O)[O-])C,0.33151,swiss
ClC(SN1C(=O)C2C(C1=O)CC=CC2)(Cl)Cl,0.33268,"mazzatorta, swiss"
OC(=O)CSc1cc(/N=c/2\sc(=O)n3n2CCCC3)c(cc1Cl)F,0.33346,swiss
CN(C1C(=O)C(=C(O)N)C(=O)C2(C1CC1C(=C(O)c3c(C1(C)O)cccc3O)C2=O)O)C,0.33751,mazzatorta
OC(=O)COc1ccc(cc1Cl)Cl,0.33931,swiss
Clc1cc(ccc1Oc1ccc(c(c1)C(=O)O)[N+](=O)[O-])C(F)(F)F,0.34563,mazzatorta
CCC(=O)Nc1ccc(c(c1)Cl)Cl,0.3485,mazzatorta
OC(=O)C(Cl)(Cl)C,0.34973,mazzatorta
Fc1ccc(cc1)C(=O)CCCN1CCN(CC1)c1ccccn1,0.35126,mazzatorta
OC(C(C)(C)C)C(n1ncnc1)Oc1ccc(cc1)Cl,0.35501,mazzatorta
N=C(NC(=N)N)NCCc1ccccc1,0.35565,mazzatorta
COc1ccc(cc1)C(C(Cl)(Cl)Cl)c1ccc(cc1)OC,0.36164,mazzatorta
CCCCC(c1ccc(cc1)Cl)(Cn1cncn1)C#N,0.36707,swiss
Cc1cc(C)cc(c1)C(=O)N(C(C)(C)C)NC(=O)c1ccc2c(c1C)CCCO2,0.3678,swiss
O=CNC(C(Cl)(Cl)Cl)N1CCN(CC1)C(C(Cl)(Cl)Cl)NC=O,0.36785,swiss
CCN(C(=O)C(Oc1cccc2c1cccc2)C)CC,0.36852,"mazzatorta, swiss"
Cc1nnc(c(=O)n1N)c1ccccc1,0.36892,swiss
CC(=CC1C(C1(C)C)C(=O)OCc1coc(c1)Cc1ccccc1)C,0.36934,mazzatorta
O=C(Nc1ccnc(c1)Cl)Nc1ccccc1,0.37548,swiss
O=C(C(C)(C)C)C(n1ncnc1)Oc1ccc(cc1)Cl,0.38809,"mazzatorta, swiss"
COC(=O)Nc1nc2c([nH]1)cccc2,0.39229,mazzatorta
CCC(n1c(=O)[nH]c(c(c1=O)Br)C)C,0.39446,swiss
CO/N=C(\c1ccccc1Oc1ncnc(c1F)Oc1ccccc1Cl)/C1=NOCCO1,0.39448,swiss
N#Cc1ccc(cc1)C/C(=N/NC(=O)Nc1ccc(cc1)OC(F)(F)F)/c1ccc(cc1)C(F)(F)F,0.39494,swiss
CCCCNC(=O)n1c(NC(=O)OC)nc2c1cccc2,0.39612,mazzatorta
O=C(NC(=O)c1c(F)cccc1F)Nc1ccc(cc1)Cl,0.40234,swiss
O=C1N(OCC1(C)C)Cc1ccccc1Cl,0.41719,swiss
Clc1c(Cl)c([N+](=O)[O-])c(c(c1Cl)Cl)Cl,0.42325,mazzatorta
NCCNc1cccc2c1cccc2,0.42415,mazzatorta
CC(=CC1C(C1(C)C)C(=O)OCc1cccc(c1)Oc1ccccc1)C,0.42802,"mazzatorta, swiss"
CC(Oc1ccccn1)COc1ccc(cc1)Oc1ccccc1,0.43159,swiss
CCOC(=O)CC(C(=O)OCC)SP(=S)(OC)OC,0.43286,swiss
CC(Oc1ccccn1)COc1ccc(cc1)Oc1ccccc1,0.43564,mazzatorta
CO/C=C(\c1ccccc1COc1cccc(n1)C(F)(F)F)/C(=O)OC,0.44103,swiss
N#Cc1c[nH]cc1c1cccc2c1OC(O2)(F)F,0.44322,mazzatorta
O=C(NC(=O)c1c(F)cccc1F)Nc1ccc(cc1F)Oc1ccc(cc1Cl)C(F)(F)F,0.44602,swiss
CC1N(C(=O)NC2CCCCC2)C(=O)SC1c1ccc(cc1)Cl,0.45341,mazzatorta
N#Cc1c[nH]cc1c1cccc2c1OC(O2)(F)F,0.45531,swiss
CCSC(=O)N(CC(C)C)CC(C)C,0.46004,mazzatorta
CSC(=O)c1cccc2c1snn2,0.46082,swiss
Cc1cc(N)c(cc1C)C,0.46595,mazzatorta
COCN(c1c(CC)cccc1CC)C(=O)CCl,0.46707,swiss
CC(C#C)(CC)O,0.4687,mazzatorta
Clc1cc(ccc1Oc1ccc(c(c1)C(=O)[O-])[N+](=O)[O-])C(F)(F)F.[Na+],0.46919,mazzatorta
O=C(NC(=O)c1c(F)cccc1F)Nc1ccc(cc1F)Oc1ccc(cc1Cl)C(F)(F)F,0.47057,swiss
Clc1c(Cl)c([N+](=O)[O-])c(c(c1Cl)Cl)Cl,0.47404,mazzatorta
ClCC[N+](C)(C)C.[Cl-],0.47448,swiss
Clc1c(Cl)c([N+](=O)[O-])c(c(c1Cl)Cl)Cl,0.47742,swiss
CC1OC(C)CN(C1)C1CCCCCCCCCCC1,0.48317,swiss
CCCCc1c(C)nc(nc1OS(=O)(=O)N(C)C)NCC,0.49302,swiss
CN1N(C)C(CC1c1ccccc1)c1ccccc1,0.49534,mazzatorta
OC(=O)C(Oc1cccc(c1)Cl)C,0.49846,mazzatorta
COC(=O)C(NC(=O)C(CC(=O)O)N)Cc1ccccc1,0.49949,mazzatorta
ClC(Cl)Cl,0.50261,mazzatorta
O=c1[nH]c2CCCc2c(=O)n1C1CCCCC1,0.50364,swiss
CCOC(=O)OC1=C(C(=O)NC21CCC(CC2)OC)c1cc(C)ccc1C,0.5061,swiss
CCOC(=O)OC1=C(C(=O)NC21CCC(CC2)OC)c1cc(C)ccc1C,0.5061,swiss
N#Cc1c[nH]cc1c1cccc(c1Cl)Cl,0.50615,swiss
CCCOC(=O)NCCCN(C)C.Cl,0.50728,swiss
CCOc1nc(nc(n1)NC)NC(=O)NS(=O)(=O)c1ccccc1C(=O)OC,0.51169,swiss
CCCCC(COC(=O)c1ccccc1C(=O)OCC(CCCC)CC)CC,0.51209,mazzatorta
COc1c(Cl)ccc(c1C(=O)O)Cl,0.52027,mazzatorta
CCOc1cc(ccc1C1COC(=N1)c1c(F)cccc1F)C(C)(C)C,0.5203,swiss
COCC(N(c1c(C)cccc1CC)C(=O)CCl)C,0.52855,"mazzatorta, swiss"
O=CCC1CC(C)C(=O)C=CC(=CC(C(OC(=O)CC(C(C1OC1(C)OC(C)C(C(C1O)N(C)C)OC1(C)OC(C)C(C(C1)(C)O)O)C)O)CC)COC1OC(C)C(C(C1OC)OC)O)C,0.52958,mazzatorta
[O-][N+](=O)/N=C\1/N(Cc2cnc(s2)Cl)COCN1C,0.53134,swiss
COC(=O)C1(O)c2cc(Cl)ccc2c2c1cccc2,0.54605,mazzatorta
COC(=O)c1cc(ccc1[N+](=O)[O-])Oc1ccc(cc1Cl)Cl,0.54657,swiss
CC(C12CCC(O2)(C(C1)OCc1ccccc1C)C)C,0.54665,mazzatorta
Clc1ccc(cc1)CN(C(=O)Nc1ccccc1)C1CCCC1,0.54739,swiss
Oc1ccc2c(c1N=Nc1ccccc1)ccc(c2)S(=O)(=O)O,0.54821,mazzatorta
ClCCOc1ccccc1S(=O)(=O)NC(=O)Nc1nc(C)nc(n1)OC,0.54949,mazzatorta
[O-][N+](=O)c1cc(Cl)c(c(c1)Cl)N,0.56518,swiss
Nc1ccc(c(c1)N(=O)=O)N,0.56811,mazzatorta
CCCN(c1c(cc(cc1[N+](=O)[O-])C(F)(F)F)[N+](=O)[O-])CCCl,0.56902,mazzatorta
ClCCl,0.5887,mazzatorta
NC1CCCCC1,0.58987,mazzatorta
COC(=O)c1csc(c1S(=O)(=O)NC(=O)n1nc(n(c1=O)C)OC)C,0.5994,swiss
COc1cc(Cl)c(cc1Cl)OC,0.60371,mazzatorta
NC1CCCCC1,0.605,mazzatorta
COCCN(c1c(C)cccc1C)C(=O)CCl,0.6139,swiss
OC(=O)C1C2CCC(C1C(=O)O)O2,0.61774,mazzatorta
ClCCl,0.61908,mazzatorta
O=Cc1ccco1,0.62445,"mazzatorta, swiss"
CN(C(=O)Nc1ccc(cc1)Cl)C,0.62925,mazzatorta
COc1c(OC)cc(c(c1OC)C(=O)c1c(OC)ccc(c1C)Br)C,0.63528,swiss
OC1(Cn2ncnc2)/C(=C/c2ccc(cc2)Cl)/CCC1(C)C,0.64063,swiss
ClC(C(Cl)Cl)Cl,0.64343,mazzatorta
COC(=O)c1ccc(cc1)C(=O)OC,0.64372,mazzatorta
Clc1ccc(cc1)S(=O)(=O)c1cc(Cl)c(cc1Cl)Cl,0.64597,mazzatorta
CC(OC(=O)NC(C(=O)NC(c1nc2c(s1)cc(cc2)F)C)C(C)C)C,0.65432,swiss
COc1nc(nc(n1)C)NC(=O)NS(=O)(=O)c1ccccc1C(=O)OC,0.65554,mazzatorta
CCCOC(=O)NCCCN(C)C.Cl,0.66747,swiss
CCCCOCC(OCC(O)C)C,0.67269,mazzatorta
ClCC(=O)N(c1c(C)cccc1CC)COC(C)C,0.70474,swiss
CC1OC(C)OC(C1)OC(=O)C,0.71759,mazzatorta
[O-][N+](=O)c1cc(Cl)c(c(c1)Cl)N,0.72459,mazzatorta
CCCCOCCOCCOCc1cc2OCOc2cc1CCC,0.73869,mazzatorta
COc1nc(nc(c1)OC)NC(=O)NS(=O)(=O)Cc1ccccc1C(=O)OC,0.75292,mazzatorta
O=C(C1C(C1(C)C)C=C(C)C)OCN1C(=O)C2=C(C1=O)CCCC2,0.75436,mazzatorta
CCOc1nc(F)cc2n1nc(n2)S(=O)(=O)Nc1c(Cl)cccc1C(=O)OC,0.75615,swiss
COc1cc(OC)nc(n1)NC(=O)NS(=O)(=O)Cc1ccccc1C(=O)O,0.77956,swiss
Clc1ccc(c(n1)C(=O)O)Cl,0.78125,swiss
Clc1ccc(c(n1)C(=O)O)Cl,0.78125,swiss
COC(=O)NS(=O)(=O)c1ccc(cc1)N,0.78179,"mazzatorta, swiss"
ClCC[N+](C)(C)C.[Cl-],0.79079,swiss
ClC(Br)Cl,0.79351,mazzatorta
COC(CCCC(C/C=C/C(=C/C(=O)OC(C)C)/C)C)(C)C,0.80523,swiss
OC(C(Cl)(Cl)Cl)O,0.81619,mazzatorta
CCOc1cc(ccc1OCC)NC(=O)OC(C)C,0.8241,swiss
OC(=O)c1nc(Cl)c(c(c1Cl)N)Cl,0.8283,swiss
Nc1ccc(c(c1)C)NOS(=O)(=O)O,0.84315,mazzatorta
CCOC(=O)C1OC1(C)c1ccccc1,0.84854,mazzatorta
ClCC[N+](C)(C)C.[Cl-],0.86038,swiss
CCCCNC(=O)n1c(NC(=O)OC)nc2c1cccc2,0.86113,mazzatorta
OCCn1c(C)ncc1[N+](=O)[O-],0.8764,mazzatorta
ClCCP(=O)(O)O,0.90661,swiss
COP(=O)OC,0.90869,mazzatorta
Nc1nc(NC2CC2)nc(n1)N,0.93872,swiss
OCCNc1ccc(cc1OCCO)N(=O)=O,0.94539,mazzatorta
O=N(=O)c1cccc2c1cccc2,0.95283,mazzatorta
O=C(C1(C)CCCCC1)Nc1ccc(c(c1Cl)Cl)O,0.96626,"mazzatorta, swiss"
Oc1cccc2c1nccc2,0.98513,mazzatorta
CCCOC(=O)c1ccc(cn1)C(=O)OCCC,0.99491,mazzatorta
Oc1noc(c1)C,0.99911,swiss
CC[N](=C1C=CC(=C(c2ccc(cc2)N(Cc2cccc(c2)S(=O)(=O)O)CC)c2ccc(cc2)N(C)C)C=C1)Cc1cccc(c1)S(=O)(=O)O,1.01,mazzatorta
OC(=O)c1nc(Cl)c(c(c1Cl)N)Cl,1.0354,swiss
ClCCP(=O)(O)O,1.0381,mazzatorta
ClCC[N+](C)(C)C,1.0602,mazzatorta
Clc1ccccc1,1.0661,mazzatorta
CCOC(=O)CC(C(=O)OCC)SP(=S)(OC)OC,1.0897,mazzatorta
O=C1CCCCCN1,1.1047,mazzatorta
Cc1cc(C)nc(n1)Nc1ccccc1,1.1091,swiss
COc1cccc(c1C)C(=O)NN(C(C)(C)C)C(=O)c1cc(C)cc(c1)C,1.1154,"mazzatorta, swiss"
COC(=O)C(=CC=CC(=CC=CC=C(C=CC=C(C=CC1=C(C)CCCC1(C)C)C)C)C)C,1.1194,mazzatorta
ClC#N,1.1388,mazzatorta
C#N,1.1471,mazzatorta
BrC#N,1.1518,mazzatorta
[O-][N+](=O)c1cc(Cl)c(c(c1)Cl)N,1.1593,mazzatorta
Oc1ccc(cc1Cl)C(C)(C)C,1.1697,mazzatorta
Oc1ccccc1c1ccccc1,1.175,swiss
COc1cc(OC)nc(n1)NC(=O)NS(=O)(=O)Nc1ccccc1C(=O)N(C)C,1.178,swiss
CON=C(c1ccccc1COc1ccccc1C)C(=O)OC,1.1808,mazzatorta
CCCOc1nn(c(=O)n1C)C(=O)[N-]S(=O)(=O)c1ccccc1C(=O)OC.[Na+],1.1894,swiss
CON=C(c1ccccc1COc1ccccc1C)C(=O)OC,1.1968,mazzatorta
CO/N=C(\c1ccccc1COc1ccccc1C)/C(=O)OC,1.1968,swiss
OC(=O)Cc1cccc2c1cccc2,1.2057,swiss
OCc1cc(N=Nc2ccc(c3c2cccc3)S(=O)(=O)O)c(c(c1O)N=Nc1ccc(c2c1cccc2)S(=O)(=O)O)O,1.2093,mazzatorta
FC(Cl)(Cl)F,1.2406,mazzatorta
OC(=O)C(CCP(=O)(O)C)N,1.2638,swiss
CC1=CC(=O)CC(C1)(C)C,1.2952,mazzatorta
COC(=O)Nc1nc2c([nH]1)cccc2,1.3076,swiss
C[N]1(C)CCCCC1,1.3134,mazzatorta
OC1CCC2(C(C1)CCC1C2CCC2(C1CCC2C(CCC(=O)O)C)C)C,1.3278,mazzatorta
COc1cc(OC)nc(n1)NC(=O)NS(=O)(=O)N(S(=O)(=O)C)C,1.3412,swiss
Oc1ccc(c(c1)C(C)(C)C)O,1.3537,mazzatorta
COc1ncc(c2n1nc(n2)S(=O)(=O)Nc1c(F)cccc1F)F,1.3917,swiss
OCC1OC2OC3C(CO)OC(C(C3O)O)OC3C(CO)OC(C(C3O)O)OC3C(CO)OC(C(C3O)O)OC3C(OC(OC4C(OC(OC5C(OC(OC1C(C2O)O)C(O)C5O)CO)C(O)C4O)CO)C(O)C3O)CO,1.4097,mazzatorta
O=C(Nc1cc(F)cc(c1)F)N/N=C(/c1ncccc1C(=O)O)\C,1.412,swiss
CCCN(c1c(cc(cc1[N+](=O)[O-])C(F)(F)F)[N+](=O)[O-])CCC,1.4316,swiss
CCCCOC(=O)c1ccccc1C(=O)OCc1ccccc1,1.5047,mazzatorta
COC(=O)c1c(Cl)c(Cl)c(c(c1Cl)Cl)C(=O)OC,1.5062,mazzatorta
Fc1cc2CCC(n3c2c(c1)c(=O)c(c3)C(=O)O)C,1.5311,mazzatorta
CC(Oc1cccc(c1)NC(=O)c1ccccc1C(F)(F)F)C,1.5465,mazzatorta
CCC(c1noc(c1)NC(=O)c1c(OC)cccc1OC)(CC)C,1.5855,swiss
CC(C1(C)N=C(NC1=O)c1nc2ccccc2cc1C(=O)O)C,1.606,swiss
c1ccc(cc1)c1ccccc1,1.6212,mazzatorta
NCC(c1ccc(cc1)O)O,1.6321,mazzatorta
ClC(SN1C(=O)c2c(C1=O)cccc2)(Cl)Cl,1.686,mazzatorta
CCc1c(C(=O)O)c(=O)cnn1c1ccc(cc1)Cl,1.6865,swiss
ClCC#CCOC(=O)Nc1cccc(c1)Cl,1.7435,mazzatorta
O/C(=C\1/C(=O)CC(CC1=O)C(=O)O)/C1CC1,1.7528,swiss
OC(=O)CNCP(=O)(O)O,1.7744,"mazzatorta, swiss"
C[N+]1(C)CCCCC1.[Cl-],1.7907,swiss
COc1ccc(c(c1)OC)N,1.8018,mazzatorta
CCC(c1noc(c1)NC(=O)c1c(OC)cccc1OC)(CC)C,1.8051,swiss
CCC(=O)C1=C([O-])CC(CC1=O)C(=O)[O-].[Ca+2],1.874,swiss
CC(C1(C)N=C(NC1=O)c1ncccc1C(=O)O)C,1.9137,mazzatorta
OC(=O)COc1nc(F)c(c(c1Cl)N)Cl,1.9605,"mazzatorta, swiss"
Clc1ccc(cc1)Cl,2.0408,mazzatorta
CCCCOC(=O)c1ccccc1C(=O)OCCCC,2.1556,mazzatorta
Clc1ccccc1CC(C1(Cl)CC1)(Cn1nc[nH]c1=S)O,2.1786,swiss
c1ccc(cc1)c1ccccc1OCC1CO1,2.2097,mazzatorta
ClCC[N](C)(C)C,2.2428,mazzatorta
COc1cc(OC)n2c(n1)nc(n2)NS(=O)(=O)c1c(OC)nccc1C(F)(F)F,2.3023,swiss
CC=Cc1ccc(cc1)OC,2.3212,mazzatorta
CC(OC(=O)Nc1cccc(c1)Cl)C,2.3402,mazzatorta
COC(=O)c1ccccc1O,2.3661,mazzatorta
CO/N=C(\c1ccccc1COc1ccccc1C)/C(=O)OC,2.4002,swiss
CCOC(=O)C=C,2.4771,mazzatorta
COC(=O)CC(c1ccc(cc1)Cl)NC(=O)C(C(C)C)NC(=O)OC(C)C,2.507,swiss
COc1nn(c(=O)n1C)C(=O)NS(=O)(=O)c1ccccc1OC(F)(F)F,2.5233,swiss
FC(Cl)(Cl)Cl,2.5406,mazzatorta
C=O,2.731,mazzatorta
C=Cc1ccccc1,2.7365,mazzatorta
CCc1ccccc1,2.741,mazzatorta
CC(c1ccccc1)C,2.7539,mazzatorta
COc1cc(OC)nc(n1)NC(=O)NS(=O)(=O)c1n2ccccc2nc1S(=O)(=O)CC,2.7557,swiss
CC(=C)C(=O)O,2.8807,mazzatorta
CC(N(c1c(cc(cc1N(=O)=O)C(F)(F)F)N(=O)=O)C(C)C)C,2.9826,mazzatorta
CN(NC(=O)CCC(=O)O)C,3.0343,swiss
CCCOC(=O)NCCCN(C)C.Cl,3.0348,swiss
ClCCP(=O)(O)O,3.0866,mazzatorta
Oc1ccccc1c1ccccc1,3.1197,swiss
Clc1cnc2c(c1)ccc(c2C(=O)O)Cl,3.1273,mazzatorta
OC(=O)CNCP(=O)(O)O,3.3122,swiss
Cc1cnc2c(c1)ccc(c2C(=O)O)Cl,3.3388,swiss
CCCOC(=O)NCCCN(C)C,3.6119,mazzatorta
CCOP(=O)O,3.6347,mazzatorta
Oc1ccccc1,3.6552,mazzatorta
[O-]P(=O)OCC.[O-]P(=O)OCC.[O-]P(=O)OCC.[Al+3],3.6854,swiss
CC1CCC(C(C1)O)C(C)C,3.7948,mazzatorta
C=Cc1ccccc1,3.8406,mazzatorta
CCc1ccccc1,3.8431,mazzatorta
CC(c1ccccc1)C,3.8439,mazzatorta
COc1ccc(cc1)N,3.8489,mazzatorta
OCCO,4.0279,mazzatorta
CCCCC(COC(=O)CCCCC(=O)OCC(CCCC)CC)CC,4.0479,mazzatorta
CCCOC(=O)c1cc(O)c(c(c1)O)O,4.0716,mazzatorta
CC(CCCC1(C)CCc2c(O1)c(C)c(c(c2C)OC(=O)C)C)CCCC(CCCC(C)C)C,4.2306,mazzatorta
COc1ccc(cc1N=Nc1c(O)c(cc2c1cccc2)C(=O)Nc1cccc(c1)N(=O)=O)N(=O)=O,4.3084,mazzatorta
O=c1ccc(=O)[nH][nH]1,4.4608,mazzatorta
Oc1ccc(nn1)O,4.4608,swiss
S=c1sc2c([nH]1)cccc2,4.4843,mazzatorta
C[N+]1(C)CCCCC1.[Cl-],4.5703,swiss
CC(OC(=O)Nc1cccc(c1)Cl)C,4.6803,mazzatorta
Clc1cc(N)c(c(n1)C(=O)O)Cl,4.8306,swiss
CNC(=N[N](=O)[O])NCC1COCC1,4.9008,swiss
COc1cc(OC)nc(n1)NC(=O)NS(=O)(=O)c1ncccc1C(=O)N(C)C,5.0877,swiss
OC(=O)CNCP(=O)(O)O,5.5597,swiss
Oc1ccccc1c1ccccc1,5.8752,"mazzatorta, swiss"
OC(=O)CNCP(=O)(O)O,5.9146,mazzatorta
CCOc1ccc(cc1N)NC(=O)C,6.101,mazzatorta
Nc1ccc(cc1)O,6.2863,mazzatorta
NC(=S)NNC(=S)N,6.3038,mazzatorta
NC(=O)c1cnccn1,6.4088,mazzatorta
OCCO,6.4446,mazzatorta
OC(=O)c1ccc(cc1N)N(=O)=O,6.5062,mazzatorta
Oc1cc(O)c2c(c1)oc(c(c2=O)O)c1ccc(c(c1)O)O,6.7298,mazzatorta
OC(=O)CNCP(=O)(O)O,7.1803,swiss
ClCC(=O)c1ccc(cc1)NC(=O)C,7.4653,mazzatorta
COc1cc(c(cc1NN=C1C(=O)C=Cc2c1ccc(c2)S(=O)(=O)[O-])C)S(=O)(=O)[O-].[Na+].[Na+],7.5319,mazzatorta
O=C1OC(=O)c2c1cccc2,8.0005,mazzatorta
CCCOC(=O)c1ccc(cc1)O,8.3241,mazzatorta
OCC(C1OC(=O)C(=C1O)O)O,8.8233,mazzatorta
CCOC(=O)COC(=O)c1ccccc1C(=O)OCC,8.9199,mazzatorta
O=C1CCCCC1,9.2722,mazzatorta
OC(=O)C=CC(=O)O,9.3132,mazzatorta
COC(=O)c1ccc(cc1)O,9.8589,mazzatorta
COC(=O)c1ccccc1C(=O)OC,10.3,mazzatorta
OC1C2C(N(C)C)C(=O)C(=C(O)N)C(=O)C2(O)C(=O)C2=C(O)c3c(C(C12)(C)O)c(Cl)ccc3O,10.508,mazzatorta
P12P3P1P23,11.881,mazzatorta
OCCO,14.822,mazzatorta
OCCO,16.111,mazzatorta
CCCCCCCCCCCCCCCCCC(=O)OCC(C1OCC(C1O)O)O,16.727,mazzatorta
OCC(C1OC(=O)C(=C1O)O)O,17.323,mazzatorta
[O-]S(=O)(=O)NC1CCCCC1.[Na+],17.901,mazzatorta
O=C1NS(=O)(=O)c2c1cccc2,19.663,mazzatorta
CCCCCCCCCCCC(=O)OCC(C1OCC(C1O)O)O,19.867,mazzatorta
CCOC(=O)c1ccccc1C(=O)OCC,19.956,mazzatorta
OC(=O)c1ccccc1N,20.06,mazzatorta
OCCO,32.223,mazzatorta
OCC(CO)O,74.739,mazzatorta
